appointment_id,patient_id,doctor_id,hospital_id,appointment_date,status,created_at
A000001,P000080,D000028,H000003,2026-09-10T10:35:53,Realizada,2026-09-26T19:54:40
A000002,P000034,D000010,H000002,2026-06-18T13:45:28,Não compareceu,2026-04-22T01:14:24
A000003,P000091,D000024,H000010,2026-08-06T22:40:20,Realizada,2026-04-28T04:20:30
A000004,P000067,D000016,H000006,2026-03-02T19:54:49,Realizada,2026-05-05T12:47:13
A000005,P000076,D000022,H000014,2026-06-23T06:30:31,Realizada,2024-12-29T16:08:18
A000006,P000029,D000009,H000003,2025-11-25T14:18:10,Cancelada,2025-10-23T06:45:29
A000007,P000086,D000021,H000010,2026-09-21T15:14:26,Não compareceu,2026-09-28T16:43:01
A000008,P000057,D000020,H000012,2026-06-11T12:57:28,Realizada,2025-02-25T22:37:52
A000009,P000079,D000016,H000008,2025-11-04T02:07:39,Agendada,2024-10-15T16:48:09
A000010,P000068,D000023,H000010,2026-04-19T11:01:25,Realizada,2025-12-18T09:49:07
A000011,P000029,D000018,H000008,2025-11-15T03:43:04,Cancelada,2024-10-10T02:57:56
A000012,P000002,D000029,H000012,2026-06-18T06:47:49,Agendada,2026-02-20T22:43:34
A000013,P000087,D000021,H000011,2026-01-05T11:00:52,Não compareceu,2025-02-10T09:19:53
A000014,P000056,D000002,H000015,2026-03-18T13:28:25,Agendada,2026-04-16T10:37:08
A000015,P000034,D000020,H000012,2026-08-25T10:08:49,Agendada,2026-09-19T18:37:49
A000016,P000091,D000010,H000001,2025-12-26T23:02:22,Não compareceu,2025-09-03T17:34:53
A000017,P000077,D000012,H000013,2026-05-14T07:58:11,Agendada,2026-04-03T13:50:21
A000018,P000058,D000014,H000012,2026-09-20T08:00:24,Cancelada,2025-05-12T23:15:59
A000019,P000053,D000006,H000012,2025-11-03T04:16:50,Cancelada,2025-11-14T17:16:44
A000020,P000031,D000016,H000013,2025-10-15T11:18:35,Agendada,2024-10-16T15:00:19
A000021,P000023,D000001,H000008,2026-05-21T02:41:12,Cancelada,2025-10-20T09:37:31
A000022,P000024,D000002,H000002,2026-07-16T09:20:09,Agendada,2025-07-01T07:13:19
A000023,P000032,D000002,H000011,2026-06-25T05:23:16,Realizada,2025-01-13T14:38:32
A000024,P000030,D000018,H000005,2026-03-27T21:25:29,Realizada,2025-04-18T22:21:32
A000025,P000012,D000026,H000002,2026-01-13T15:12:47,Cancelada,2025-04-28T08:50:00
A000026,P000015,D000003,H000005,2026-05-31T22:29:46,Não compareceu,2025-08-27T22:41:38
A000027,P000087,D000009,H000010,2025-12-13T06:34:49,Cancelada,2026-07-31T18:29:07
A000028,P000094,D000019,H000013,2026-03-10T11:11:42,Cancelada,2026-08-04T06:00:49
A000029,P000015,D000017,H000009,2026-08-10T16:13:14,Não compareceu,2025-09-20T20:14:46
A000030,P000078,D000023,H000004,2026-07-09T14:37:25,Cancelada,2025-10-02T12:54:00
A000031,P000024,D000014,H000005,2026-09-04T03:00:12,Agendada,2025-09-27T08:34:45
A000032,P000041,D000018,H000005,2026-02-01T15:54:17,Realizada,2026-01-16T14:52:52
A000033,P000059,D000004,H000012,2026-07-19T21:38:47,Cancelada,2026-02-05T06:05:05
A000034,P000091,D000025,H000011,2026-03-17T06:53:21,Realizada,2025-07-23T02:22:16
A000035,P000048,D000006,H000010,2025-12-07T02:29:07,Agendada,2025-05-06T02:27:26
A000036,P000060,D000002,H000012,2026-03-31T21:57:50,Não compareceu,2026-05-26T00:26:34
A000037,P000083,D000030,H000006,2025-11-28T09:13:54,Não compareceu,2025-06-20T13:12:09
A000038,P000087,D000028,H000005,2025-11-18T22:49:46,Cancelada,2026-04-09T14:59:08
A000039,P000078,D000018,H000008,2025-12-27T19:22:55,Agendada,2025-11-15T08:38:03
A000040,P000080,D000021,H000005,2026-06-12T14:53:44,Não compareceu,2026-04-14T02:39:56
A000041,P000086,D000014,H000015,2026-03-17T22:17:38,Realizada,2025-10-31T17:19:36
A000042,P000086,D000022,H000001,2025-12-03T02:36:31,Cancelada,2026-01-16T23:33:24
A000043,P000035,D000029,H000012,2026-07-26T11:52:01,Não compareceu,2025-09-05T00:31:01
A000044,P000012,D000002,H000007,2026-08-19T17:54:10,Agendada,2025-11-08T19:09:29
A000045,P000063,D000026,H000010,2026-08-29T12:47:47,Cancelada,2024-11-01T23:30:10
A000046,P000032,D000001,H000013,2026-02-08T05:16:35,Cancelada,2026-06-05T00:01:08
A000047,P000085,D000002,H000009,2026-10-11T03:59:12,Agendada,2025-01-14T16:27:30
A000048,P000004,D000016,H000002,2026-04-05T09:53:04,Agendada,2025-01-03T20:34:29
A000049,P000044,D000012,H000007,2026-08-19T15:59:16,Realizada,2026-05-27T07:36:44
A000050,P000058,D000015,H000002,2026-07-17T12:35:20,Agendada,2026-03-04T04:23:38
A000051,P000095,D000016,H000011,2026-05-31T04:44:43,Cancelada,2026-08-04T21:37:39
A000052,P000087,D000006,H000007,2026-09-20T07:43:18,Realizada,2024-10-24T14:28:19
A000053,P000091,D000028,H000002,2025-11-13T19:00:19,Não compareceu,2026-06-07T19:36:08
A000054,P000033,D000004,H000004,2026-03-09T16:56:56,Não compareceu,2026-07-07T09:40:22
A000055,P000020,D000004,H000002,2026-10-16T01:01:32,Cancelada,2026-03-23T18:05:45
A000056,P000005,D000030,H000014,2026-02-18T22:09:44,Cancelada,2024-11-10T08:59:41
A000057,P000073,D000021,H000012,2026-05-19T05:44:29,Agendada,2025-05-11T03:01:12
A000058,P000064,D000007,H000008,2026-03-17T19:20:46,Não compareceu,2026-02-21T11:48:23
A000059,P000088,D000003,H000015,2026-07-08T14:49:30,Realizada,2025-09-29T22:04:44
A000060,P000001,D000008,H000007,2026-01-27T09:34:22,Não compareceu,2025-01-05T08:55:01
A000061,P000039,D000006,H000015,2026-05-16T13:07:54,Não compareceu,2026-02-16T23:21:08
A000062,P000028,D000005,H000004,2026-03-04T21:18:02,Não compareceu,2025-09-16T05:15:41
A000063,P000002,D000023,H000015,2026-03-29T07:45:13,Não compareceu,2025-03-13T01:48:51
A000064,P000045,D000015,H000007,2025-12-10T00:33:09,Não compareceu,2026-03-17T21:51:45
A000065,P000050,D000016,H000012,2026-08-08T12:24:04,Agendada,2025-06-28T19:28:50
A000066,P000088,D000001,H000003,2025-11-19T14:02:13,Realizada,2025-03-19T05:54:16
A000067,P000045,D000026,H000007,2026-11-06T23:09:56,Não compareceu,2025-11-17T19:37:55
A000068,P000064,D000001,H000011,2025-12-05T04:42:36,Realizada,2025-01-04T01:31:41
A000069,P000020,D000008,H000014,2026-06-28T19:39:05,Cancelada,2026-09-04T05:18:28
A000070,P000076,D000015,H000004,2026-09-30T10:18:55,Agendada,2024-12-28T10:13:59
A000071,P000070,D000004,H000006,2026-03-16T05:45:15,Cancelada,2025-07-09T22:29:12
A000072,P000012,D000011,H000002,2026-01-07T21:24:23,Agendada,2025-07-20T05:00:47
A000073,P000080,D000003,H000013,2026-03-22T06:52:17,Realizada,2024-12-29T19:29:16
A000074,P000038,D000018,H000007,2026-02-15T22:40:29,Não compareceu,2024-12-18T03:03:06
A000075,P000095,D000002,H000007,2025-11-21T04:54:14,Cancelada,2024-11-09T05:53:07
A000076,P000029,D000026,H000013,2026-04-14T08:19:09,Não compareceu,2024-12-28T22:10:24
A000077,P000004,D000019,H000003,2025-11-15T15:29:51,Cancelada,2025-01-07T14:30:38
A000078,P000013,D000003,H000003,2026-08-19T13:27:50,Não compareceu,2026-07-12T14:58:23
A000079,P000013,D000013,H000012,2026-03-12T13:21:32,Não compareceu,2026-06-21T16:37:24
A000080,P000011,D000029,H000011,2026-02-25T08:14:44,Não compareceu,2024-11-20T08:45:25
A000081,P000095,D000009,H000003,2026-07-29T23:14:13,Realizada,2025-09-12T18:36:37
A000082,P000021,D000009,H000001,2025-11-19T15:00:44,Agendada,2025-01-11T11:58:21
A000083,P000087,D000007,H000009,2026-01-25T20:46:07,Agendada,2026-02-07T17:47:42
A000084,P000097,D000023,H000005,2025-10-10T09:22:11,Não compareceu,2025-04-20T13:42:03
A000085,P000063,D000017,H000006,2026-03-02T13:17:54,Realizada,2025-09-03T12:59:36
A000086,P000002,D000030,H000008,2026-07-09T19:23:59,Realizada,2026-03-25T12:29:09
A000087,P000032,D000015,H000011,2026-05-30T20:27:34,Cancelada,2025-09-18T09:19:45
A000088,P000065,D000003,H000005,2026-04-02T02:39:16,Não compareceu,2024-11-11T22:45:26
A000089,P000042,D000029,H000003,2025-12-03T07:06:25,Agendada,2025-10-07T03:42:18
A000090,P000092,D000025,H000015,2026-05-25T02:00:34,Cancelada,2024-11-14T09:37:15
A000091,P000072,D000011,H000011,2025-10-21T12:10:36,Agendada,2026-09-30T11:43:56
A000092,P000062,D000025,H000006,2026-03-16T19:23:42,Não compareceu,2026-07-02T05:43:59
A000093,P000098,D000003,H000006,2026-05-02T14:06:34,Agendada,2025-07-18T05:23:35
A000094,P000011,D000010,H000009,2026-01-27T08:47:49,Realizada,2025-01-29T08:53:58
A000095,P000050,D000027,H000013,2025-11-11T06:36:18,Não compareceu,2026-04-27T03:28:44
A000096,P000032,D000016,H000003,2026-07-08T20:55:03,Realizada,2024-10-09T14:25:04
A000097,P000075,D000001,H000008,2026-01-25T20:49:27,Agendada,2026-06-20T23:28:12
A000098,P000055,D000008,H000003,2026-06-10T17:31:51,Cancelada,2025-08-30T00:54:24
A000099,P000095,D000011,H000002,2026-03-22T04:44:46,Realizada,2025-03-02T20:51:10
A000100,P000034,D000022,H000008,2025-12-30T19:31:09,Agendada,2024-10-21T01:23:52
A000101,P000030,D000014,H000014,2026-05-01T14:49:07,Não compareceu,2025-03-13T08:51:39
A000102,P000014,D000029,H000012,2026-10-24T09:35:09,Não compareceu,2025-01-20T23:14:09
A000103,P000083,D000011,H000011,2026-02-26T15:48:42,Realizada,2025-10-04T17:50:38
A000104,P000061,D000001,H000014,2026-05-17T07:44:31,Agendada,2024-10-19T05:12:43
A000105,P000032,D000025,H000007,2026-02-07T03:08:10,Cancelada,2026-08-23T00:12:15
A000106,P000100,D000028,H000010,2026-04-07T15:10:12,Não compareceu,2026-07-15T05:48:28
A000107,P000002,D000007,H000004,2025-11-16T13:35:23,Realizada,2025-05-08T08:01:23
A000108,P000063,D000005,H000008,2026-08-26T04:47:29,Cancelada,2026-07-28T11:14:55
A000109,P000042,D000017,H000011,2026-05-03T19:50:46,Agendada,2025-11-04T05:29:53
A000110,P000006,D000006,H000013,2026-08-07T02:19:22,Agendada,2025-09-20T05:38:00
A000111,P000089,D000020,H000010,2025-11-19T01:08:41,Cancelada,2026-03-22T12:03:31
A000112,P000003,D000003,H000009,2026-01-23T13:11:58,Agendada,2026-05-22T04:56:17
A000113,P000089,D000002,H000008,2026-10-24T14:57:56,Não compareceu,2026-03-26T23:18:56
A000114,P000084,D000005,H000015,2026-07-20T17:26:47,Agendada,2025-03-30T08:31:55
A000115,P000003,D000011,H000006,2025-11-11T19:39:40,Realizada,2026-09-30T03:53:40
A000116,P000067,D000029,H000002,2026-07-19T03:47:26,Realizada,2025-04-25T17:25:45
A000117,P000072,D000008,H000013,2026-11-06T11:19:37,Cancelada,2024-11-01T23:37:06
A000118,P000046,D000020,H000015,2026-03-04T12:01:43,Cancelada,2025-09-14T02:11:12
A000119,P000024,D000029,H000009,2026-09-29T17:23:36,Cancelada,2025-01-13T01:37:42
A000120,P000012,D000007,H000006,2025-12-30T11:22:43,Realizada,2025-08-12T16:53:46
A000121,P000049,D000023,H000010,2026-10-05T04:14:08,Não compareceu,2025-03-13T00:13:57
A000122,P000090,D000024,H000014,2026-07-25T07:38:22,Cancelada,2025-12-01T11:04:35
A000123,P000036,D000025,H000007,2026-01-23T07:39:45,Realizada,2025-03-27T12:50:10
A000124,P000090,D000003,H000007,2026-04-29T09:38:00,Não compareceu,2025-06-22T20:45:37
A000125,P000045,D000010,H000007,2026-01-15T05:44:14,Não compareceu,2025-06-15T21:12:55
A000126,P000011,D000007,H000015,2026-10-03T17:50:56,Cancelada,2026-01-22T14:04:15
A000127,P000017,D000004,H000011,2026-05-03T06:19:35,Não compareceu,2025-02-02T15:59:41
A000128,P000092,D000009,H000006,2025-12-10T16:11:42,Agendada,2025-09-09T19:05:34
A000129,P000092,D000009,H000002,2026-10-01T03:43:42,Realizada,2025-12-04T15:02:37
A000130,P000052,D000007,H000012,2026-01-27T22:05:43,Não compareceu,2026-04-19T00:05:10
A000131,P000058,D000006,H000014,2025-12-13T14:58:11,Agendada,2026-05-18T04:02:33
A000132,P000012,D000009,H000002,2025-12-05T07:55:16,Não compareceu,2024-12-28T19:59:22
A000133,P000040,D000007,H000008,2026-02-21T13:27:13,Agendada,2024-10-10T14:01:13
A000134,P000022,D000020,H000006,2026-07-22T15:46:56,Realizada,2026-08-14T14:19:26
A000135,P000062,D000026,H000003,2026-06-20T22:18:07,Agendada,2025-02-11T21:09:22
A000136,P000006,D000016,H000014,2026-04-05T12:33:58,Agendada,2025-03-25T10:42:01
A000137,P000023,D000020,H000004,2026-03-20T04:51:31,Cancelada,2025-01-29T17:14:07
A000138,P000082,D000008,H000004,2026-06-15T14:52:27,Cancelada,2024-10-16T22:39:05
A000139,P000095,D000015,H000004,2025-11-20T12:30:31,Não compareceu,2025-08-18T02:10:54
A000140,P000011,D000005,H000014,2026-06-07T16:41:00,Realizada,2025-12-16T15:44:47
A000141,P000083,D000018,H000008,2026-04-13T04:11:11,Realizada,2026-03-25T17:32:26
A000142,P000055,D000024,H000014,2026-09-11T10:25:57,Realizada,2026-07-08T19:05:49
A000143,P000021,D000021,H000001,2026-08-14T16:28:06,Realizada,2025-06-06T15:48:57
A000144,P000059,D000001,H000010,2026-07-27T21:08:25,Cancelada,2025-08-31T10:30:09
A000145,P000079,D000009,H000014,2026-02-05T09:45:50,Realizada,2026-02-18T04:53:09
A000146,P000033,D000004,H000001,2026-06-14T17:44:28,Agendada,2026-05-20T11:00:46
A000147,P000069,D000001,H000011,2025-10-27T05:24:22,Realizada,2025-07-15T00:43:59
A000148,P000046,D000012,H000014,2026-09-09T20:29:57,Não compareceu,2026-08-18T10:11:20
A000149,P000012,D000012,H000015,2026-08-11T06:25:29,Agendada,2025-05-23T18:26:15
A000150,P000010,D000019,H000007,2026-02-28T02:46:42,Agendada,2024-12-16T17:15:38
A000151,P000092,D000019,H000002,2026-05-19T09:35:44,Agendada,2026-04-30T16:09:21
A000152,P000003,D000006,H000003,2026-01-08T09:23:37,Agendada,2025-05-21T03:09:49
A000153,P000007,D000030,H000008,2026-01-03T12:29:38,Não compareceu,2025-12-12T19:51:08
A000154,P000032,D000023,H000009,2026-03-21T00:37:14,Cancelada,2026-06-12T05:06:33
A000155,P000082,D000001,H000001,2026-01-13T00:55:31,Não compareceu,2025-10-14T01:46:42
A000156,P000033,D000029,H000011,2026-03-31T06:37:31,Cancelada,2026-05-31T00:49:00
A000157,P000030,D000028,H000002,2026-09-24T09:29:24,Realizada,2026-03-15T22:03:02
A000158,P000045,D000004,H000006,2026-04-04T17:45:08,Realizada,2026-08-22T00:43:21
A000159,P000031,D000002,H000011,2026-01-28T11:13:14,Não compareceu,2026-08-02T05:17:44
A000160,P000077,D000029,H000013,2026-01-15T00:04:32,Não compareceu,2025-07-26T09:21:34
A000161,P000029,D000018,H000009,2026-04-16T01:35:33,Realizada,2026-07-12T16:03:16
A000162,P000012,D000030,H000007,2026-09-28T22:48:48,Realizada,2026-07-26T18:33:30
A000163,P000018,D000021,H000005,2026-09-15T16:25:06,Realizada,2026-05-05T18:18:00
A000164,P000092,D000017,H000007,2026-09-12T01:43:03,Cancelada,2026-01-02T15:06:58
A000165,P000031,D000023,H000010,2026-10-27T16:34:36,Realizada,2025-09-28T15:39:34
A000166,P000060,D000025,H000009,2025-12-15T21:03:36,Não compareceu,2025-04-23T13:46:57
A000167,P000035,D000022,H000008,2026-03-03T18:59:16,Cancelada,2026-01-10T22:22:42
A000168,P000088,D000022,H000014,2026-02-10T09:56:40,Não compareceu,2025-07-07T08:00:34
A000169,P000066,D000017,H000006,2026-04-17T11:24:41,Agendada,2025-01-11T03:30:53
A000170,P000008,D000028,H000006,2025-11-07T11:23:45,Realizada,2026-01-25T14:31:30
A000171,P000095,D000007,H000015,2025-11-05T12:29:40,Agendada,2025-08-18T06:18:46
A000172,P000093,D000012,H000011,2025-12-12T13:59:04,Não compareceu,2026-05-24T16:48:41
A000173,P000065,D000007,H000002,2026-01-08T11:07:44,Agendada,2026-05-11T08:19:37
A000174,P000033,D000030,H000005,2026-08-10T00:38:25,Realizada,2024-11-27T01:15:33
A000175,P000011,D000027,H000012,2026-03-28T10:29:49,Cancelada,2024-12-17T17:49:01
A000176,P000077,D000024,H000004,2025-12-12T16:30:41,Realizada,2025-03-05T02:47:24
A000177,P000027,D000005,H000006,2026-06-05T06:57:29,Realizada,2025-09-09T07:21:08
A000178,P000004,D000010,H000013,2025-11-07T17:11:12,Realizada,2026-05-16T03:15:29
A000179,P000038,D000022,H000007,2025-10-14T07:44:01,Agendada,2024-10-27T12:09:31
A000180,P000045,D000004,H000002,2026-04-26T15:38:20,Não compareceu,2026-01-13T21:16:54
A000181,P000091,D000012,H000002,2026-10-27T09:19:47,Não compareceu,2026-05-08T19:27:23
A000182,P000062,D000010,H000003,2025-12-31T06:56:48,Cancelada,2025-03-01T19:16:47
A000183,P000021,D000025,H000006,2026-08-26T11:08:04,Cancelada,2025-10-05T03:20:32
A000184,P000008,D000021,H000010,2026-01-02T21:10:12,Cancelada,2026-10-04T21:02:52
A000185,P000026,D000018,H000004,2025-10-11T13:27:07,Realizada,2025-12-07T07:58:45
A000186,P000078,D000022,H000006,2026-06-26T13:33:10,Não compareceu,2025-04-23T03:12:18
A000187,P000062,D000004,H000007,2026-05-15T19:58:11,Realizada,2025-06-03T23:18:38
A000188,P000038,D000015,H000004,2026-04-21T02:34:43,Não compareceu,2025-12-21T03:05:51
A000189,P000078,D000017,H000003,2026-10-05T18:27:38,Realizada,2025-04-29T01:50:36
A000190,P000018,D000012,H000010,2026-10-04T17:12:56,Realizada,2026-09-12T10:01:04
A000191,P000023,D000008,H000009,2025-11-06T03:35:16,Agendada,2024-11-20T08:36:06
A000192,P000003,D000009,H000008,2025-11-30T12:22:09,Cancelada,2025-06-23T10:58:02
A000193,P000084,D000025,H000015,2026-11-03T16:04:19,Realizada,2024-11-03T20:33:54
A000194,P000040,D000018,H000003,2025-11-08T11:40:16,Realizada,2026-02-09T14:13:57
A000195,P000085,D000016,H000011,2025-11-05T05:17:49,Realizada,2024-12-20T22:39:12
A000196,P000024,D000007,H000008,2025-10-23T20:46:18,Agendada,2024-10-25T04:41:56
A000197,P000018,D000017,H000003,2026-05-16T18:01:23,Agendada,2025-03-11T15:08:03
A000198,P000025,D000020,H000014,2026-05-08T09:08:12,Cancelada,2025-11-21T04:29:17
A000199,P000031,D000021,H000008,2026-07-02T04:24:27,Não compareceu,2026-02-11T16:59:47
A000200,P000011,D000021,H000005,2025-12-24T22:35:43,Cancelada,2025-05-16T15:24:50
A000201,P000025,D000023,H000001,2025-12-23T04:47:55,Realizada,2025-02-07T12:52:31
A000202,P000075,D000030,H000009,2025-12-18T02:14:07,Não compareceu,2025-05-15T17:48:36
A000203,P000093,D000023,H000013,2026-04-28T11:29:58,Agendada,2026-02-27T21:02:26
A000204,P000060,D000011,H000012,2026-08-08T14:33:37,Não compareceu,2025-04-04T13:41:24
A000205,P000042,D000012,H000015,2026-09-13T13:49:28,Cancelada,2026-03-13T19:46:38
A000206,P000048,D000026,H000005,2025-11-20T18:19:49,Cancelada,2025-07-04T04:13:51
A000207,P000030,D000009,H000013,2026-03-20T15:40:12,Realizada,2025-04-09T16:24:58
A000208,P000024,D000025,H000002,2026-01-06T22:01:40,Agendada,2025-09-08T05:53:16
A000209,P000066,D000009,H000013,2026-06-25T07:33:19,Cancelada,2026-01-23T18:25:33
A000210,P000063,D000016,H000007,2026-05-01T23:59:35,Cancelada,2024-10-20T18:06:22
A000211,P000018,D000024,H000002,2026-04-12T22:37:34,Não compareceu,2025-05-12T07:06:49
A000212,P000012,D000024,H000011,2025-12-21T11:02:48,Realizada,2024-10-08T18:23:29
A000213,P000013,D000010,H000015,2026-01-26T21:53:41,Realizada,2025-09-28T23:45:28
A000214,P000054,D000021,H000008,2026-06-26T08:54:02,Realizada,2025-01-22T03:47:41
A000215,P000013,D000006,H000003,2026-03-25T10:05:42,Cancelada,2026-03-12T10:56:01
A000216,P000056,D000013,H000014,2026-09-30T01:22:10,Realizada,2026-01-12T03:46:37
A000217,P000085,D000007,H000011,2026-08-25T05:43:31,Não compareceu,2025-08-19T01:14:53
A000218,P000045,D000017,H000011,2026-09-13T23:03:31,Agendada,2025-03-08T05:44:49
A000219,P000024,D000028,H000013,2026-09-10T23:56:24,Cancelada,2026-06-30T00:30:34
A000220,P000089,D000017,H000013,2026-10-05T15:47:37,Cancelada,2026-03-02T21:07:49
A000221,P000005,D000011,H000010,2026-02-12T03:00:18,Agendada,2025-08-05T11:31:11
A000222,P000059,D000020,H000011,2026-10-06T04:55:49,Agendada,2025-06-07T22:43:00
A000223,P000075,D000017,H000006,2026-07-01T05:30:03,Cancelada,2025-03-10T08:01:10
A000224,P000039,D000028,H000001,2025-11-08T08:30:30,Realizada,2024-11-17T21:24:36
A000225,P000062,D000010,H000001,2026-06-04T21:39:40,Cancelada,2025-12-05T01:17:09
A000226,P000080,D000018,H000011,2026-08-18T13:57:47,Agendada,2025-12-03T22:14:54
A000227,P000011,D000027,H000014,2026-03-25T10:19:49,Não compareceu,2026-07-21T17:09:24
A000228,P000045,D000010,H000005,2025-11-07T18:49:23,Agendada,2026-02-20T04:08:37
A000229,P000043,D000007,H000008,2026-01-09T11:45:56,Agendada,2024-10-24T16:37:53
A000230,P000019,D000029,H000014,2026-07-09T20:24:29,Cancelada,2026-01-29T03:45:17
A000231,P000020,D000017,H000004,2025-12-02T15:48:56,Realizada,2025-09-12T16:14:36
A000232,P000055,D000013,H000012,2025-11-23T06:52:48,Realizada,2026-07-11T20:36:31
A000233,P000013,D000017,H000012,2025-12-04T04:51:33,Não compareceu,2025-09-12T18:44:48
A000234,P000073,D000018,H000009,2026-07-19T01:30:20,Cancelada,2025-02-26T23:47:15
A000235,P000003,D000003,H000008,2025-11-16T00:06:09,Cancelada,2026-02-23T18:31:00
A000236,P000089,D000022,H000005,2026-09-22T08:26:15,Agendada,2025-08-28T08:08:40
A000237,P000033,D000001,H000009,2026-10-01T21:44:22,Não compareceu,2025-06-10T22:25:40
A000238,P000018,D000010,H000015,2026-10-11T08:55:50,Cancelada,2025-07-17T11:55:15
A000239,P000049,D000027,H000013,2026-05-06T09:26:05,Realizada,2025-06-23T13:18:22
A000240,P000062,D000012,H000012,2026-07-15T02:04:21,Agendada,2025-03-16T02:50:30
A000241,P000021,D000029,H000012,2026-09-10T18:19:33,Não compareceu,2025-02-06T17:02:15
A000242,P000043,D000007,H000015,2025-10-21T10:29:10,Realizada,2024-10-22T15:55:06
A000243,P000085,D000021,H000006,2025-11-20T06:20:45,Cancelada,2026-07-02T11:54:07
A000244,P000006,D000002,H000013,2026-10-07T04:46:11,Não compareceu,2025-03-15T21:03:14
A000245,P000067,D000013,H000003,2025-12-02T07:08:59,Não compareceu,2025-04-03T20:33:24
A000246,P000045,D000016,H000002,2026-04-26T20:07:51,Agendada,2025-07-14T02:23:22
A000247,P000042,D000016,H000011,2026-02-09T02:04:53,Realizada,2024-11-07T09:58:22
A000248,P000072,D000016,H000007,2026-07-05T12:34:51,Agendada,2025-03-04T16:26:24
A000249,P000024,D000019,H000012,2026-05-22T17:46:02,Agendada,2026-04-04T06:25:26
A000250,P000094,D000023,H000003,2025-12-18T01:00:53,Agendada,2025-10-31T16:25:04
A000251,P000092,D000024,H000005,2026-08-29T23:29:10,Cancelada,2025-05-07T07:46:20
A000252,P000087,D000003,H000014,2025-11-16T01:29:05,Realizada,2026-03-27T17:02:20
A000253,P000051,D000001,H000011,2026-07-28T02:31:28,Agendada,2025-12-08T18:42:10
A000254,P000092,D000021,H000001,2026-02-11T10:50:49,Cancelada,2024-11-06T23:17:05
A000255,P000026,D000013,H000011,2026-01-18T12:22:14,Realizada,2025-09-24T13:47:12
A000256,P000050,D000010,H000004,2025-12-10T16:49:07,Cancelada,2026-04-08T17:34:12
A000257,P000086,D000018,H000006,2026-02-11T22:55:32,Agendada,2026-10-03T09:22:12
A000258,P000096,D000027,H000001,2026-02-27T12:17:36,Agendada,2024-11-12T01:39:11
A000259,P000053,D000013,H000006,2025-10-17T07:14:40,Agendada,2026-06-03T19:03:15
A000260,P000070,D000002,H000012,2026-07-11T20:52:41,Realizada,2025-01-18T00:08:56
A000261,P000041,D000019,H000002,2026-08-17T15:56:28,Agendada,2025-07-14T03:20:16
A000262,P000045,D000028,H000012,2026-08-30T00:32:44,Não compareceu,2025-10-04T20:12:59
A000263,P000095,D000010,H000007,2026-04-02T23:26:43,Não compareceu,2025-08-01T10:08:29
A000264,P000062,D000016,H000001,2025-10-30T02:57:13,Realizada,2025-07-10T22:43:36
A000265,P000059,D000015,H000001,2025-10-15T06:07:59,Cancelada,2024-10-26T01:44:01
A000266,P000016,D000005,H000007,2026-02-21T00:59:45,Não compareceu,2026-02-07T06:30:26
A000267,P000048,D000024,H000014,2026-02-14T03:09:52,Não compareceu,2025-08-14T01:31:34
A000268,P000039,D000030,H000014,2026-04-11T16:56:28,Cancelada,2026-05-06T19:47:14
A000269,P000043,D000030,H000005,2026-09-23T03:28:04,Agendada,2025-03-09T10:20:30
A000270,P000025,D000015,H000011,2026-10-01T02:53:36,Realizada,2025-12-05T17:14:53
A000271,P000075,D000024,H000015,2026-08-10T06:26:01,Realizada,2026-05-22T20:15:10
A000272,P000027,D000024,H000002,2026-05-02T12:22:53,Realizada,2025-09-26T12:55:18
A000273,P000052,D000020,H000015,2026-03-28T12:27:25,Agendada,2025-09-17T15:22:12
A000274,P000028,D000019,H000006,2025-12-05T06:07:12,Cancelada,2026-02-27T10:50:57
A000275,P000062,D000029,H000006,2025-12-05T10:27:27,Cancelada,2025-10-08T15:59:33
A000276,P000038,D000003,H000003,2026-01-10T07:53:01,Realizada,2025-11-29T00:32:28
A000277,P000096,D000017,H000005,2026-01-22T00:03:43,Agendada,2025-10-24T19:51:19
A000278,P000016,D000008,H000002,2026-04-16T17:39:43,Cancelada,2024-11-26T20:45:09
A000279,P000085,D000004,H000013,2025-10-20T13:59:59,Agendada,2025-06-28T21:31:56
A000280,P000004,D000017,H000013,2026-09-10T12:41:12,Não compareceu,2024-10-25T23:14:09
A000281,P000006,D000027,H000013,2026-07-09T22:09:49,Agendada,2025-09-02T23:11:22
A000282,P000061,D000012,H000010,2026-03-30T01:49:19,Cancelada,2025-11-03T09:51:58
A000283,P000014,D000002,H000009,2025-12-16T15:38:36,Realizada,2026-03-20T12:23:18
A000284,P000018,D000013,H000007,2026-01-09T12:03:38,Não compareceu,2025-03-24T07:22:36
A000285,P000018,D000017,H000001,2026-08-23T18:48:56,Agendada,2024-11-03T16:40:36
A000286,P000028,D000002,H000015,2026-01-23T11:41:53,Não compareceu,2026-04-26T12:50:34
A000287,P000047,D000018,H000008,2026-02-08T09:34:46,Não compareceu,2026-01-12T08:55:51
A000288,P000018,D000012,H000006,2026-03-10T06:19:23,Cancelada,2025-08-04T10:32:31
A000289,P000025,D000017,H000010,2026-07-14T09:38:39,Realizada,2026-01-01T03:50:05
A000290,P000057,D000008,H000012,2026-03-17T17:09:51,Realizada,2026-02-14T06:51:50
A000291,P000012,D000017,H000011,2026-07-19T20:37:57,Agendada,2025-11-03T02:12:21
A000292,P000030,D000006,H000014,2026-06-14T05:19:40,Não compareceu,2026-05-03T09:43:26
A000293,P000069,D000001,H000005,2026-06-18T09:27:23,Cancelada,2025-07-08T20:25:51
A000294,P000066,D000021,H000004,2026-07-21T04:10:35,Agendada,2025-05-19T12:20:07
A000295,P000067,D000016,H000010,2026-10-03T22:55:06,Cancelada,2026-08-21T03:54:57
A000296,P000043,D000029,H000012,2026-03-26T10:33:31,Cancelada,2025-05-07T04:20:19
A000297,P000037,D000011,H000009,2026-08-30T13:30:23,Cancelada,2025-02-08T23:39:27
A000298,P000054,D000009,H000015,2026-05-13T21:07:34,Agendada,2026-07-22T17:31:25
A000299,P000097,D000009,H000004,2026-05-06T10:47:17,Não compareceu,2026-03-07T17:47:27
A000300,P000046,D000028,H000011,2026-03-04T01:04:40,Cancelada,2025-07-04T02:50:29
A000301,P000049,D000009,H000009,2025-11-30T01:41:12,Não compareceu,2025-06-11T18:35:56
A000302,P000057,D000027,H000009,2026-09-14T00:05:32,Agendada,2025-06-16T14:45:56
A000303,P000092,D000022,H000003,2026-08-03T22:48:42,Cancelada,2025-01-03T19:40:25
A000304,P000039,D000018,H000001,2026-02-24T14:48:25,Agendada,2026-08-12T15:38:35
A000305,P000006,D000020,H000012,2026-08-22T14:55:04,Realizada,2026-07-17T07:24:47
A000306,P000008,D000010,H000012,2026-08-08T09:11:56,Realizada,2025-08-26T09:21:11
A000307,P000040,D000029,H000006,2025-10-11T16:00:49,Não compareceu,2026-01-18T14:01:30
A000308,P000012,D000017,H000004,2026-09-03T11:52:20,Não compareceu,2025-04-29T10:03:47
A000309,P000037,D000014,H000011,2026-08-20T05:16:57,Não compareceu,2025-08-31T06:46:35
A000310,P000046,D000002,H000001,2025-11-11T16:59:30,Cancelada,2026-01-26T17:13:29
A000311,P000041,D000009,H000015,2026-02-02T09:44:39,Agendada,2025-01-21T02:13:27
A000312,P000100,D000005,H000002,2026-07-16T09:50:13,Cancelada,2025-06-06T01:50:10
A000313,P000004,D000008,H000009,2025-11-21T21:35:45,Cancelada,2025-05-17T01:54:00
A000314,P000053,D000030,H000006,2026-09-27T17:54:10,Agendada,2026-02-24T10:43:56
A000315,P000030,D000001,H000013,2026-07-25T17:48:58,Cancelada,2026-06-12T09:26:26
A000316,P000100,D000016,H000009,2026-07-17T15:20:19,Realizada,2026-03-19T03:37:21
A000317,P000048,D000009,H000005,2026-07-22T07:38:55,Cancelada,2024-12-05T01:46:32
A000318,P000030,D000007,H000014,2026-04-17T21:49:47,Agendada,2025-09-29T11:08:43
A000319,P000061,D000004,H000014,2026-01-27T06:15:44,Cancelada,2026-09-02T04:27:21
A000320,P000098,D000021,H000008,2025-11-09T14:27:33,Não compareceu,2026-04-24T17:14:45
A000321,P000064,D000013,H000014,2026-08-06T19:41:36,Não compareceu,2026-04-12T08:10:58
A000322,P000036,D000023,H000001,2026-09-03T04:19:34,Não compareceu,2025-04-13T00:44:30
A000323,P000039,D000020,H000011,2026-06-26T05:17:45,Realizada,2026-02-19T03:17:20
A000324,P000002,D000008,H000013,2025-12-27T13:08:45,Realizada,2025-02-21T02:56:20
A000325,P000093,D000019,H000007,2026-07-09T04:44:36,Cancelada,2026-02-01T21:46:37
A000326,P000010,D000001,H000003,2025-12-18T22:55:54,Não compareceu,2026-05-16T04:39:23
A000327,P000007,D000020,H000004,2025-11-01T02:52:27,Agendada,2026-04-15T12:19:01
A000328,P000005,D000021,H000015,2025-10-29T14:28:04,Não compareceu,2025-04-07T12:34:15
A000329,P000099,D000004,H000007,2025-10-09T23:42:39,Não compareceu,2025-04-07T13:01:02
A000330,P000088,D000029,H000006,2026-01-29T19:14:45,Cancelada,2026-09-16T20:07:56
A000331,P000054,D000022,H000010,2025-12-11T18:33:59,Não compareceu,2025-04-09T09:08:14
A000332,P000005,D000014,H000013,2025-12-01T00:01:37,Realizada,2024-11-11T06:25:51
A000333,P000067,D000020,H000012,2026-03-09T00:40:44,Agendada,2025-01-27T18:46:59
A000334,P000032,D000001,H000009,2026-10-12T02:06:32,Realizada,2026-05-05T05:28:28
A000335,P000090,D000012,H000006,2026-10-11T14:30:48,Realizada,2026-03-27T05:57:20
A000336,P000026,D000022,H000009,2026-08-11T03:23:17,Agendada,2025-02-28T03:17:49
A000337,P000048,D000004,H000005,2026-01-26T04:22:05,Agendada,2026-09-03T13:11:23
A000338,P000075,D000009,H000014,2026-01-08T15:34:36,Realizada,2025-06-06T16:14:19
A000339,P000043,D000025,H000005,2025-12-08T10:14:26,Não compareceu,2025-02-03T06:11:18
A000340,P000063,D000008,H000015,2026-04-12T20:40:24,Não compareceu,2025-04-12T15:57:02
A000341,P000096,D000023,H000010,2026-07-03T06:05:47,Cancelada,2026-04-04T06:28:48
A000342,P000063,D000007,H000015,2025-10-28T05:30:41,Agendada,2025-11-19T18:04:25
A000343,P000036,D000010,H000013,2026-08-16T15:01:35,Realizada,2025-04-26T13:26:24
A000344,P000046,D000014,H000004,2026-06-04T13:16:14,Agendada,2026-03-05T11:19:03
A000345,P000027,D000023,H000008,2026-03-05T09:59:53,Não compareceu,2024-10-23T13:01:31
A000346,P000012,D000014,H000015,2026-02-24T15:35:50,Agendada,2025-10-17T07:51:13
A000347,P000077,D000030,H000014,2026-01-21T05:08:23,Agendada,2025-07-29T22:31:42
A000348,P000008,D000026,H000011,2026-04-04T07:53:53,Realizada,2025-02-08T10:27:12
A000349,P000082,D000028,H000010,2026-02-17T14:58:32,Não compareceu,2024-11-25T11:23:44
A000350,P000016,D000010,H000002,2026-09-08T11:09:54,Agendada,2025-04-27T15:23:21
A000351,P000021,D000021,H000015,2026-10-03T00:24:14,Agendada,2025-05-15T17:23:53
A000352,P000030,D000005,H000014,2026-01-11T03:15:50,Agendada,2026-08-14T05:48:59
A000353,P000094,D000023,H000010,2025-10-16T03:20:27,Cancelada,2025-02-21T18:07:43
A000354,P000030,D000001,H000007,2026-06-30T12:45:50,Não compareceu,2025-02-28T05:46:26
A000355,P000056,D000012,H000006,2026-05-02T21:59:43,Agendada,2026-02-28T23:08:11
A000356,P000021,D000009,H000001,2026-03-03T15:11:06,Não compareceu,2025-08-26T15:03:49
A000357,P000068,D000011,H000004,2025-12-18T13:12:48,Não compareceu,2026-07-27T00:15:15
A000358,P000017,D000011,H000010,2026-06-18T16:20:40,Cancelada,2025-07-05T22:59:57
A000359,P000028,D000013,H000005,2026-03-15T01:10:38,Não compareceu,2026-05-31T00:52:20
A000360,P000033,D000020,H000012,2026-10-28T16:30:56,Agendada,2025-01-10T22:09:05
A000361,P000014,D000023,H000008,2026-08-19T11:24:06,Cancelada,2025-10-30T07:03:55
A000362,P000086,D000012,H000009,2026-09-01T21:41:20,Agendada,2025-07-05T13:03:54
A000363,P000064,D000026,H000006,2026-01-12T23:08:16,Não compareceu,2026-08-14T04:50:50
A000364,P000027,D000029,H000013,2026-08-11T07:11:53,Não compareceu,2026-08-22T21:52:18
A000365,P000058,D000027,H000001,2026-05-21T12:36:15,Não compareceu,2024-12-07T03:40:19
A000366,P000002,D000027,H000015,2026-04-16T05:58:29,Cancelada,2025-10-30T02:45:00
A000367,P000008,D000004,H000013,2026-08-28T15:44:00,Não compareceu,2026-06-11T07:18:53
A000368,P000093,D000024,H000005,2026-03-05T01:32:57,Agendada,2026-10-02T09:21:45
A000369,P000057,D000008,H000015,2026-05-17T01:03:11,Realizada,2026-01-06T05:05:41
A000370,P000010,D000027,H000011,2026-06-07T16:34:08,Não compareceu,2026-04-21T05:48:22
A000371,P000031,D000004,H000007,2026-06-15T10:55:06,Cancelada,2026-02-25T10:42:09
A000372,P000089,D000015,H000010,2026-04-13T09:11:58,Realizada,2025-09-14T04:36:41
A000373,P000031,D000003,H000012,2025-11-24T11:28:40,Cancelada,2026-10-05T08:15:33
A000374,P000100,D000014,H000013,2026-05-09T04:03:35,Cancelada,2025-08-24T09:35:24
A000375,P000012,D000013,H000011,2026-02-28T03:46:14,Realizada,2026-05-07T04:00:11
A000376,P000031,D000013,H000013,2026-04-18T12:50:10,Realizada,2026-05-13T12:34:17
A000377,P000085,D000005,H000007,2026-04-18T15:01:48,Não compareceu,2025-04-25T15:01:04
A000378,P000069,D000023,H000014,2026-02-17T13:00:40,Agendada,2025-10-20T06:45:37
A000379,P000090,D000020,H000002,2026-04-27T18:34:11,Não compareceu,2024-11-14T21:34:51
A000380,P000070,D000030,H000004,2026-01-31T23:23:38,Cancelada,2026-06-27T09:43:24
A000381,P000008,D000004,H000005,2025-11-14T18:49:38,Cancelada,2026-09-04T23:20:20
A000382,P000090,D000009,H000005,2025-12-11T21:09:38,Cancelada,2026-08-24T14:41:17
A000383,P000078,D000013,H000012,2026-07-31T22:09:59,Agendada,2025-04-02T17:53:40
A000384,P000092,D000007,H000001,2026-06-05T02:00:53,Realizada,2026-05-29T01:56:13
A000385,P000013,D000024,H000010,2025-11-12T02:20:31,Cancelada,2026-03-30T06:36:35
A000386,P000040,D000030,H000013,2025-10-28T02:38:37,Cancelada,2025-01-15T02:01:01
A000387,P000076,D000004,H000001,2026-09-24T14:13:34,Cancelada,2025-06-23T06:36:03
A000388,P000032,D000021,H000008,2026-10-05T05:57:20,Realizada,2025-08-12T17:06:38
A000389,P000075,D000006,H000011,2025-12-07T04:30:19,Realizada,2025-08-24T03:33:21
A000390,P000079,D000015,H000009,2026-09-30T04:12:01,Cancelada,2025-07-04T11:20:08
A000391,P000088,D000009,H000014,2026-07-06T16:19:43,Realizada,2025-12-30T02:21:25
A000392,P000083,D000025,H000006,2026-01-15T05:06:29,Agendada,2025-01-20T09:42:18
A000393,P000092,D000011,H000012,2025-10-19T22:29:51,Cancelada,2025-01-02T22:46:51
A000394,P000044,D000025,H000012,2025-11-16T18:16:20,Cancelada,2026-09-29T12:33:16
A000395,P000008,D000006,H000010,2025-11-01T11:17:49,Realizada,2026-01-05T12:28:16
A000396,P000031,D000026,H000014,2026-08-08T04:39:34,Realizada,2025-02-14T10:04:37
A000397,P000010,D000024,H000013,2026-07-05T13:38:47,Não compareceu,2025-10-03T19:33:07
A000398,P000068,D000010,H000005,2026-03-04T02:02:25,Não compareceu,2026-08-29T23:59:21
A000399,P000005,D000024,H000007,2026-02-25T00:31:44,Agendada,2025-02-14T16:49:20
A000400,P000019,D000020,H000006,2025-10-30T16:03:58,Não compareceu,2025-05-24T04:42:08
A000401,P000036,D000005,H000002,2026-03-01T05:01:31,Cancelada,2026-06-29T20:10:14
A000402,P000081,D000030,H000003,2026-01-01T11:04:36,Realizada,2025-04-14T17:34:28
A000403,P000013,D000010,H000003,2026-05-22T21:49:07,Não compareceu,2024-10-25T17:40:46
A000404,P000035,D000024,H000005,2026-09-19T15:54:27,Cancelada,2026-05-02T12:12:49
A000405,P000014,D000008,H000002,2025-12-08T07:59:28,Não compareceu,2025-05-15T01:46:25
A000406,P000036,D000021,H000003,2026-10-10T23:29:14,Não compareceu,2025-03-25T09:20:00
A000407,P000031,D000029,H000010,2026-07-23T09:14:06,Não compareceu,2026-04-30T03:46:52
A000408,P000004,D000030,H000014,2025-10-16T23:54:07,Realizada,2026-04-29T21:06:12
A000409,P000024,D000014,H000013,2026-09-24T23:54:57,Não compareceu,2026-05-19T03:49:10
A000410,P000098,D000006,H000012,2025-11-10T16:24:22,Realizada,2025-02-02T09:55:05
A000411,P000013,D000028,H000013,2026-09-23T10:44:50,Cancelada,2026-06-11T08:03:10
A000412,P000053,D000016,H000015,2026-03-21T19:08:20,Cancelada,2025-11-27T11:35:34
A000413,P000063,D000026,H000013,2026-03-26T07:21:26,Não compareceu,2026-08-28T23:05:05
A000414,P000036,D000018,H000010,2026-02-23T02:15:33,Realizada,2026-04-26T17:04:36
A000415,P000025,D000029,H000013,2025-12-24T19:55:36,Não compareceu,2025-10-01T17:33:41
A000416,P000037,D000008,H000002,2026-08-04T09:43:33,Cancelada,2025-05-05T17:53:26
A000417,P000040,D000028,H000014,2025-12-12T11:58:08,Cancelada,2026-05-02T22:53:43
A000418,P000042,D000014,H000010,2026-07-13T01:59:50,Agendada,2026-07-26T08:41:02
A000419,P000096,D000017,H000003,2026-08-28T00:26:56,Cancelada,2025-03-12T17:00:27
A000420,P000099,D000018,H000012,2026-10-12T00:18:01,Não compareceu,2026-04-10T10:07:09
A000421,P000094,D000007,H000003,2026-07-24T16:43:17,Não compareceu,2025-08-26T14:22:19
A000422,P000040,D000027,H000011,2025-12-05T19:50:33,Cancelada,2026-01-27T15:41:07
A000423,P000039,D000017,H000011,2025-10-31T16:09:31,Cancelada,2025-08-09T03:08:14
A000424,P000078,D000030,H000010,2026-06-21T08:53:57,Não compareceu,2025-09-27T06:56:51
A000425,P000036,D000009,H000012,2026-05-31T12:43:24,Cancelada,2025-04-30T12:38:47
A000426,P000049,D000018,H000005,2026-05-29T19:01:09,Cancelada,2025-09-05T18:45:00
A000427,P000089,D000006,H000014,2026-06-18T01:19:25,Cancelada,2026-06-26T03:20:06
A000428,P000049,D000017,H000011,2026-10-18T12:57:03,Cancelada,2025-06-30T20:49:01
A000429,P000023,D000017,H000001,2026-10-19T22:03:41,Não compareceu,2026-08-13T07:27:47
A000430,P000067,D000006,H000005,2026-07-22T08:22:34,Realizada,2025-03-24T21:43:18
A000431,P000005,D000024,H000014,2025-11-12T23:22:38,Realizada,2026-05-04T07:53:38
A000432,P000094,D000012,H000001,2025-11-16T23:50:40,Cancelada,2025-04-15T07:39:12
A000433,P000087,D000007,H000006,2026-10-06T00:58:59,Não compareceu,2024-11-13T04:41:11
A000434,P000093,D000010,H000009,2026-02-06T06:51:37,Não compareceu,2025-11-28T08:59:16
A000435,P000076,D000015,H000013,2026-01-11T18:18:30,Cancelada,2025-02-25T06:41:14
A000436,P000046,D000015,H000015,2026-05-02T11:24:17,Cancelada,2025-09-20T23:47:11
A000437,P000054,D000010,H000008,2026-09-03T11:08:04,Agendada,2026-02-22T17:40:32
A000438,P000033,D000029,H000015,2026-02-28T05:43:10,Não compareceu,2025-05-05T20:46:20
A000439,P000076,D000015,H000008,2025-11-30T13:17:20,Agendada,2026-05-11T14:47:27
A000440,P000049,D000027,H000013,2025-12-23T14:06:36,Não compareceu,2025-02-09T22:52:41
A000441,P000034,D000010,H000011,2026-09-01T12:38:17,Realizada,2026-03-02T22:23:26
A000442,P000014,D000009,H000007,2026-01-05T14:51:37,Agendada,2025-07-18T13:11:21
A000443,P000028,D000015,H000015,2026-04-27T02:03:28,Realizada,2026-08-12T00:28:12
A000444,P000080,D000030,H000007,2026-07-24T17:58:37,Realizada,2026-06-24T20:15:54
A000445,P000007,D000025,H000012,2026-04-03T13:16:55,Cancelada,2025-06-17T18:48:59
A000446,P000055,D000012,H000008,2025-11-08T09:58:18,Agendada,2026-09-10T19:00:31
A000447,P000079,D000012,H000002,2026-04-01T21:06:55,Agendada,2025-04-22T00:53:53
A000448,P000028,D000028,H000001,2026-08-30T03:01:40,Cancelada,2024-12-12T07:36:05
A000449,P000049,D000026,H000008,2026-10-25T09:58:17,Cancelada,2024-12-03T11:22:17
A000450,P000022,D000002,H000013,2026-04-15T21:48:27,Agendada,2025-01-26T11:39:26
A000451,P000001,D000010,H000005,2026-04-13T11:50:04,Não compareceu,2024-10-18T16:04:48
A000452,P000045,D000005,H000013,2026-06-04T15:52:41,Realizada,2026-01-07T08:43:02
A000453,P000082,D000029,H000014,2026-06-12T08:22:47,Não compareceu,2024-11-24T08:50:59
A000454,P000024,D000002,H000004,2026-10-22T21:38:43,Não compareceu,2026-04-12T22:14:15
A000455,P000023,D000017,H000008,2025-10-31T17:19:55,Agendada,2025-09-05T21:11:54
A000456,P000007,D000011,H000015,2026-10-28T03:57:57,Realizada,2025-02-26T14:16:41
A000457,P000030,D000022,H000004,2026-08-28T00:40:01,Não compareceu,2024-10-27T21:06:16
A000458,P000055,D000008,H000012,2026-10-19T08:45:11,Realizada,2024-10-26T15:01:24
A000459,P000024,D000030,H000008,2026-02-28T10:26:32,Realizada,2025-08-21T08:39:33
A000460,P000004,D000021,H000012,2026-04-14T23:05:30,Realizada,2026-04-27T13:19:48
A000461,P000062,D000007,H000009,2026-03-20T13:54:42,Não compareceu,2024-10-10T18:57:59
A000462,P000076,D000018,H000001,2026-03-19T21:35:14,Não compareceu,2025-08-25T04:16:48
A000463,P000091,D000013,H000002,2025-10-30T12:09:37,Agendada,2025-03-14T05:37:26
A000464,P000098,D000018,H000013,2026-08-05T11:09:59,Cancelada,2025-09-15T12:35:41
A000465,P000040,D000007,H000013,2026-06-23T03:23:46,Agendada,2025-07-14T12:21:35
A000466,P000030,D000014,H000008,2026-07-02T08:25:25,Agendada,2025-07-05T15:32:25
A000467,P000097,D000024,H000011,2026-03-28T10:00:11,Cancelada,2026-03-24T22:27:48
A000468,P000037,D000012,H000013,2026-04-30T13:34:04,Realizada,2024-10-21T04:27:33
A000469,P000008,D000028,H000007,2026-06-26T11:12:37,Agendada,2026-06-23T18:38:08
A000470,P000070,D000013,H000008,2026-07-02T21:19:03,Não compareceu,2024-11-03T03:42:47
A000471,P000027,D000001,H000007,2025-12-19T21:35:07,Agendada,2024-10-08T08:25:22
A000472,P000081,D000020,H000004,2026-10-02T01:09:42,Agendada,2025-08-12T09:19:37
A000473,P000093,D000018,H000012,2025-11-17T04:54:14,Cancelada,2026-05-26T16:46:52
A000474,P000078,D000020,H000007,2026-03-15T10:34:47,Realizada,2025-05-11T19:32:05
A000475,P000076,D000015,H000005,2026-07-12T02:47:25,Agendada,2025-04-18T19:28:53
A000476,P000095,D000022,H000012,2026-05-08T21:27:38,Cancelada,2025-02-16T21:03:20
A000477,P000089,D000017,H000001,2026-07-29T20:26:32,Realizada,2026-04-04T16:49:42
A000478,P000041,D000019,H000007,2025-11-23T00:34:51,Agendada,2025-05-26T22:11:50
A000479,P000056,D000003,H000002,2026-01-27T04:10:32,Agendada,2025-05-25T20:27:24
A000480,P000088,D000020,H000005,2026-10-01T22:52:16,Cancelada,2026-07-20T11:41:36
A000481,P000011,D000003,H000002,2026-02-04T23:16:59,Cancelada,2026-03-15T19:12:59
A000482,P000055,D000025,H000001,2025-10-11T02:32:49,Agendada,2025-01-15T04:41:18
A000483,P000030,D000001,H000002,2026-07-09T00:38:01,Cancelada,2025-12-25T22:36:09
A000484,P000064,D000013,H000004,2026-07-28T01:15:40,Cancelada,2026-08-30T02:53:01
A000485,P000089,D000009,H000003,2025-10-21T01:21:48,Realizada,2026-04-12T03:22:44
A000486,P000070,D000023,H000014,2026-10-22T13:43:38,Agendada,2026-07-16T20:27:13
A000487,P000045,D000003,H000015,2026-03-19T13:34:42,Agendada,2024-11-16T10:33:42
A000488,P000030,D000008,H000002,2026-05-31T19:11:24,Não compareceu,2024-10-11T15:40:48
A000489,P000024,D000003,H000008,2026-08-30T01:21:05,Agendada,2026-04-04T13:39:56
A000490,P000084,D000022,H000003,2026-04-06T01:23:22,Não compareceu,2026-08-04T07:05:16
A000491,P000078,D000026,H000010,2026-06-26T15:34:36,Cancelada,2025-08-03T07:36:10
A000492,P000009,D000004,H000012,2025-11-26T05:37:03,Cancelada,2026-03-09T07:34:57
A000493,P000022,D000020,H000005,2026-04-09T15:32:39,Agendada,2026-05-27T06:28:09
A000494,P000058,D000014,H000009,2026-06-15T18:34:20,Realizada,2026-10-03T12:25:14
A000495,P000059,D000020,H000012,2025-11-02T18:58:28,Realizada,2025-08-20T03:43:36
A000496,P000097,D000007,H000011,2026-04-02T07:35:06,Realizada,2026-01-12T06:01:10
A000497,P000073,D000011,H000010,2026-02-01T23:26:42,Realizada,2026-05-05T07:30:08
A000498,P000090,D000027,H000003,2025-11-23T22:07:44,Não compareceu,2026-01-01T20:49:42
A000499,P000025,D000013,H000013,2026-06-16T04:43:11,Agendada,2025-02-07T10:32:56
A000500,P000010,D000029,H000014,2026-04-27T03:21:34,Cancelada,2026-06-27T04:46:04
