procedure_id,patient_id,doctor_id,hospital_id,procedure_name,procedure_type,procedure_date,created_at
PR000001,P000097,D000001,H000012,Endoscopia,Diagnóstico,2026-02-18T22:32:02,2026-08-12T00:57:55
PR000002,P000080,D000001,H000005,Raio-X,Diagnóstico,2026-05-17T18:37:15,2025-05-28T05:57:28
PR000003,P000023,D000011,H000004,Endoscopia,Diagnóstico,2025-11-01T10:52:56,2025-11-08T12:52:30
PR000004,P000020,D000024,H000010,Raio-X,Diagnóstico,2026-05-15T11:23:43,2026-10-05T02:58:03
PR000005,P000078,D000001,H000015,Consulta médica,Ambulatorial,2026-03-08T16:27:02,2025-05-18T21:41:29
PR000006,P000056,D000030,H000014,Tomografia,Diagnóstico,2026-08-09T12:30:43,2026-06-26T16:37:19
PR000007,P000041,D000001,H000009,Ultrassonografia,Diagnóstico,2026-08-31T06:39:34,2025-06-13T23:36:51
PR000008,P000089,D000020,H000012,Exame de sangue,Diagnóstico,2026-07-23T06:43:09,2025-07-22T01:54:47
PR000009,P000055,D000024,H000008,Tomografia,Diagnóstico,2026-05-19T20:06:34,2025-09-06T14:39:19
PR000010,P000031,D000021,H000008,Ressonância magnética,Diagnóstico,2025-11-08T19:48:08,2024-12-07T14:43:21
PR000011,P000009,D000026,H000002,Eletrocardiograma,Diagnóstico,2025-11-02T09:11:12,2026-08-29T18:05:42
PR000012,P000096,D000027,H000001,Endoscopia,Diagnóstico,2025-12-19T10:47:23,2025-01-01T21:58:44
PR000013,P000089,D000021,H000015,Ultrassonografia,Diagnóstico,2025-10-23T08:15:56,2024-10-26T23:29:02
PR000014,P000025,D000020,H000011,Cirurgia,Cirúrgico,2025-12-01T23:42:56,2025-06-26T19:01:40
PR000015,P000055,D000020,H000007,Fisioterapia,Terapêutico,2025-12-01T02:50:01,2026-04-13T07:22:43
PR000016,P000063,D000026,H000006,Eletrocardiograma,Diagnóstico,2026-03-08T05:26:36,2025-04-03T04:58:18
PR000017,P000020,D000004,H000003,Tomografia,Diagnóstico,2026-05-06T12:39:54,2025-04-07T04:17:46
PR000018,P000030,D000003,H000014,Raio-X,Diagnóstico,2026-06-11T22:13:35,2025-02-05T23:12:57
PR000019,P000062,D000015,H000014,Fisioterapia,Terapêutico,2025-12-20T05:12:12,2026-04-30T00:29:55
PR000020,P000096,D000026,H000012,Fisioterapia,Terapêutico,2026-06-01T14:07:28,2025-10-22T03:52:28
PR000021,P000023,D000017,H000012,Raio-X,Diagnóstico,2025-10-25T09:14:51,2025-06-07T05:59:25
PR000022,P000085,D000012,H000013,Eletrocardiograma,Diagnóstico,2026-07-30T14:20:19,2026-01-04T10:22:39
PR000023,P000053,D000017,H000002,Consulta médica,Ambulatorial,2026-07-09T06:10:51,2025-01-15T17:18:08
PR000024,P000021,D000002,H000013,Ultrassonografia,Diagnóstico,2025-12-23T05:06:22,2026-05-10T01:05:01
PR000025,P000064,D000012,H000004,Tomografia,Diagnóstico,2026-04-30T13:17:18,2025-03-27T21:38:18
PR000026,P000053,D000028,H000015,Raio-X,Diagnóstico,2026-08-18T08:38:38,2025-05-31T13:34:45
PR000027,P000010,D000009,H000006,Fisioterapia,Terapêutico,2026-02-23T09:40:41,2024-12-02T05:21:24
PR000028,P000021,D000009,H000009,Eletrocardiograma,Diagnóstico,2026-04-08T03:07:28,2026-02-03T21:44:13
PR000029,P000068,D000010,H000011,Consulta médica,Ambulatorial,2026-09-09T05:10:08,2024-12-23T23:01:37
PR000030,P000001,D000020,H000005,Consulta médica,Ambulatorial,2026-05-11T15:39:51,2024-11-30T10:37:31
PR000031,P000025,D000021,H000014,Exame de sangue,Diagnóstico,2026-02-04T04:06:12,2024-11-14T09:53:09
PR000032,P000056,D000023,H000015,Endoscopia,Diagnóstico,2026-02-27T18:23:41,2025-12-08T12:19:17
PR000033,P000056,D000008,H000009,Exame de sangue,Diagnóstico,2026-10-26T08:48:18,2025-11-18T12:30:40
PR000034,P000079,D000023,H000011,Cirurgia,Cirúrgico,2026-08-26T17:13:10,2025-08-01T19:22:36
PR000035,P000013,D000029,H000007,Tomografia,Diagnóstico,2026-06-19T01:58:10,2025-08-24T05:08:18
PR000036,P000043,D000027,H000001,Exame de sangue,Diagnóstico,2026-10-31T20:23:15,2025-01-12T14:59:23
PR000037,P000069,D000018,H000003,Endoscopia,Diagnóstico,2026-03-19T07:23:26,2026-02-05T16:00:15
PR000038,P000019,D000025,H000001,Exame de sangue,Diagnóstico,2025-12-10T08:57:03,2025-04-03T13:19:10
PR000039,P000014,D000020,H000014,Raio-X,Diagnóstico,2025-12-28T19:10:45,2026-02-02T22:25:17
PR000040,P000026,D000023,H000013,Cirurgia,Cirúrgico,2026-07-04T19:51:45,2025-11-15T06:12:16
PR000041,P000009,D000012,H000001,Endoscopia,Diagnóstico,2025-10-11T10:28:49,2026-05-19T07:51:17
PR000042,P000020,D000011,H000007,Raio-X,Diagnóstico,2025-11-26T22:47:12,2026-06-21T04:14:09
PR000043,P000015,D000002,H000001,Cirurgia,Cirúrgico,2026-01-04T16:32:29,2025-02-09T01:00:25
PR000044,P000053,D000016,H000007,Ultrassonografia,Diagnóstico,2025-12-28T11:46:38,2026-09-06T02:01:16
PR000045,P000017,D000019,H000005,Consulta médica,Ambulatorial,2025-12-12T02:56:17,2026-04-26T05:55:39
PR000046,P000029,D000024,H000003,Ressonância magnética,Diagnóstico,2026-02-22T19:13:53,2026-07-13T10:49:37
PR000047,P000090,D000015,H000013,Consulta médica,Ambulatorial,2026-09-04T16:19:34,2025-08-10T09:08:31
PR000048,P000018,D000022,H000014,Cirurgia,Cirúrgico,2026-09-06T17:31:22,2026-07-05T12:13:56
PR000049,P000026,D000013,H000012,Consulta médica,Ambulatorial,2026-01-17T04:53:24,2025-10-22T12:54:05
PR000050,P000032,D000012,H000003,Consulta médica,Ambulatorial,2026-06-13T12:11:15,2025-09-10T20:17:15
PR000051,P000037,D000014,H000012,Exame de sangue,Diagnóstico,2026-07-11T12:13:32,2026-05-27T08:16:03
PR000052,P000016,D000014,H000014,Consulta médica,Ambulatorial,2025-12-04T19:34:49,2026-07-29T02:13:27
PR000053,P000059,D000024,H000001,Tomografia,Diagnóstico,2026-05-29T06:42:16,2026-08-17T04:55:09
PR000054,P000037,D000017,H000002,Fisioterapia,Terapêutico,2026-07-22T02:49:32,2024-12-09T01:14:11
PR000055,P000076,D000006,H000010,Exame de sangue,Diagnóstico,2026-02-15T13:29:25,2024-12-24T07:06:18
PR000056,P000041,D000020,H000005,Fisioterapia,Terapêutico,2026-07-17T21:46:45,2026-03-22T05:05:33
PR000057,P000015,D000006,H000002,Endoscopia,Diagnóstico,2025-11-27T04:52:04,2026-07-29T23:15:44
PR000058,P000082,D000012,H000001,Exame de sangue,Diagnóstico,2026-01-29T16:40:23,2025-02-06T14:07:58
PR000059,P000093,D000003,H000010,Ultrassonografia,Diagnóstico,2026-07-21T21:18:15,2025-01-26T16:24:15
PR000060,P000040,D000030,H000015,Ultrassonografia,Diagnóstico,2026-04-07T22:04:51,2025-01-08T01:15:56
PR000061,P000003,D000015,H000008,Endoscopia,Diagnóstico,2026-07-27T22:56:01,2026-07-25T10:20:51
PR000062,P000070,D000001,H000010,Ressonância magnética,Diagnóstico,2026-09-22T18:09:49,2026-05-05T14:33:33
PR000063,P000062,D000017,H000003,Endoscopia,Diagnóstico,2026-11-03T10:24:14,2026-02-09T07:13:38
PR000064,P000050,D000028,H000001,Ultrassonografia,Diagnóstico,2026-03-30T16:29:36,2025-03-09T16:25:32
PR000065,P000057,D000015,H000015,Exame de sangue,Diagnóstico,2026-02-04T00:12:31,2026-02-16T12:33:11
PR000066,P000080,D000009,H000012,Ressonância magnética,Diagnóstico,2026-03-10T16:50:56,2026-05-19T03:49:22
PR000067,P000070,D000001,H000001,Ultrassonografia,Diagnóstico,2026-04-21T23:48:14,2024-12-01T23:20:15
PR000068,P000017,D000017,H000001,Endoscopia,Diagnóstico,2026-07-19T07:27:25,2026-02-01T09:27:51
PR000069,P000013,D000030,H000014,Cirurgia,Cirúrgico,2025-12-18T18:20:43,2025-12-26T02:51:38
PR000070,P000038,D000027,H000008,Tomografia,Diagnóstico,2025-12-31T08:27:54,2026-09-03T20:21:32
PR000071,P000030,D000005,H000011,Cirurgia,Cirúrgico,2026-04-25T08:04:48,2024-11-15T14:54:47
PR000072,P000009,D000020,H000005,Cirurgia,Cirúrgico,2026-03-23T14:29:05,2026-09-13T22:02:41
PR000073,P000057,D000028,H000014,Raio-X,Diagnóstico,2026-02-24T05:27:47,2026-08-19T13:56:24
PR000074,P000098,D000016,H000015,Endoscopia,Diagnóstico,2025-11-25T02:58:22,2026-07-17T21:28:13
PR000075,P000091,D000006,H000008,Consulta médica,Ambulatorial,2026-08-30T20:11:31,2026-04-02T02:35:19
PR000076,P000044,D000025,H000009,Cirurgia,Cirúrgico,2026-02-15T05:10:52,2026-07-12T22:40:15
PR000077,P000014,D000024,H000003,Fisioterapia,Terapêutico,2026-07-27T11:34:49,2025-02-21T16:27:52
PR000078,P000047,D000002,H000008,Exame de sangue,Diagnóstico,2025-10-22T04:54:52,2026-07-23T00:13:27
PR000079,P000014,D000023,H000006,Fisioterapia,Terapêutico,2026-01-03T06:35:28,2025-05-27T13:00:02
PR000080,P000006,D000025,H000015,Ultrassonografia,Diagnóstico,2025-10-31T15:34:37,2025-12-09T10:34:23
PR000081,P000001,D000022,H000009,Cirurgia,Cirúrgico,2025-12-16T14:09:32,2024-12-02T17:48:13
PR000082,P000092,D000017,H000012,Eletrocardiograma,Diagnóstico,2026-02-13T15:16:31,2025-12-14T04:57:21
PR000083,P000013,D000015,H000012,Tomografia,Diagnóstico,2026-09-22T01:19:22,2026-01-31T09:26:29
PR000084,P000030,D000001,H000004,Ressonância magnética,Diagnóstico,2026-08-01T21:16:26,2025-05-30T16:34:02
PR000085,P000038,D000024,H000002,Consulta médica,Ambulatorial,2026-09-30T13:15:23,2025-10-22T14:45:51
PR000086,P000035,D000004,H000007,Consulta médica,Ambulatorial,2026-10-09T12:08:11,2025-10-20T15:45:47
PR000087,P000016,D000015,H000008,Exame de sangue,Diagnóstico,2026-06-30T07:59:08,2025-10-02T05:42:54
PR000088,P000080,D000016,H000007,Eletrocardiograma,Diagnóstico,2025-12-02T12:27:35,2024-11-25T06:54:11
PR000089,P000035,D000007,H000002,Tomografia,Diagnóstico,2025-10-25T03:36:34,2024-10-29T15:47:33
PR000090,P000020,D000007,H000006,Tomografia,Diagnóstico,2026-04-17T09:01:52,2025-02-28T01:10:57
PR000091,P000075,D000024,H000003,Consulta médica,Ambulatorial,2025-12-04T05:12:52,2025-07-11T17:42:49
PR000092,P000060,D000027,H000007,Tomografia,Diagnóstico,2026-05-06T09:16:44,2026-01-21T19:32:13
PR000093,P000002,D000021,H000012,Consulta médica,Ambulatorial,2026-02-10T19:33:49,2025-04-11T01:02:01
PR000094,P000001,D000009,H000014,Tomografia,Diagnóstico,2025-10-11T21:58:54,2025-08-12T23:51:00
PR000095,P000052,D000009,H000012,Endoscopia,Diagnóstico,2026-06-04T13:51:49,2025-02-13T20:43:30
PR000096,P000096,D000027,H000002,Tomografia,Diagnóstico,2026-08-28T15:26:57,2026-07-10T14:24:30
PR000097,P000026,D000004,H000004,Ressonância magnética,Diagnóstico,2025-11-01T23:24:21,2025-12-21T18:11:04
PR000098,P000012,D000025,H000006,Endoscopia,Diagnóstico,2026-08-09T16:36:07,2025-10-20T11:37:18
PR000099,P000014,D000014,H000008,Cirurgia,Cirúrgico,2026-07-21T05:18:19,2025-12-14T09:05:48
PR000100,P000061,D000001,H000011,Cirurgia,Cirúrgico,2026-10-13T20:57:27,2025-07-22T11:07:36
PR000101,P000087,D000019,H000011,Eletrocardiograma,Diagnóstico,2026-06-30T08:11:13,2025-10-02T12:39:38
PR000102,P000048,D000029,H000010,Eletrocardiograma,Diagnóstico,2025-10-09T04:46:42,2026-08-19T06:24:06
PR000103,P000080,D000018,H000015,Fisioterapia,Terapêutico,2026-03-10T17:54:19,2025-12-06T13:40:17
PR000104,P000041,D000006,H000008,Ultrassonografia,Diagnóstico,2026-11-05T03:32:34,2026-08-06T15:43:18
PR000105,P000005,D000029,H000009,Raio-X,Diagnóstico,2025-10-08T19:15:18,2025-02-06T06:12:42
PR000106,P000067,D000009,H000012,Raio-X,Diagnóstico,2026-05-26T00:29:42,2025-06-22T07:32:31
PR000107,P000015,D000026,H000012,Raio-X,Diagnóstico,2026-03-16T15:50:40,2024-10-12T17:04:46
PR000108,P000065,D000003,H000015,Exame de sangue,Diagnóstico,2026-11-03T16:45:32,2024-10-23T15:31:01
PR000109,P000051,D000011,H000009,Eletrocardiograma,Diagnóstico,2026-01-16T15:56:18,2026-09-19T02:42:00
PR000110,P000053,D000025,H000008,Eletrocardiograma,Diagnóstico,2026-07-19T03:18:06,2025-11-28T14:48:45
PR000111,P000100,D000016,H000007,Cirurgia,Cirúrgico,2026-03-28T10:28:34,2026-03-25T03:12:30
PR000112,P000080,D000010,H000013,Ultrassonografia,Diagnóstico,2026-10-02T07:57:43,2025-04-27T04:31:49
PR000113,P000040,D000029,H000006,Eletrocardiograma,Diagnóstico,2026-03-10T06:41:25,2026-06-21T21:19:10
PR000114,P000006,D000022,H000004,Ultrassonografia,Diagnóstico,2025-12-20T15:26:38,2025-11-10T19:08:22
PR000115,P000077,D000027,H000001,Eletrocardiograma,Diagnóstico,2026-02-07T11:57:01,2024-12-27T10:40:28
PR000116,P000052,D000027,H000002,Fisioterapia,Terapêutico,2026-06-21T04:21:51,2025-06-04T17:13:49
PR000117,P000072,D000005,H000006,Ressonância magnética,Diagnóstico,2026-06-02T04:08:16,2025-05-29T23:57:28
PR000118,P000036,D000012,H000009,Fisioterapia,Terapêutico,2026-05-17T22:05:33,2025-02-04T09:18:58
PR000119,P000020,D000022,H000012,Tomografia,Diagnóstico,2026-09-18T20:39:35,2026-08-23T09:02:16
PR000120,P000079,D000029,H000008,Endoscopia,Diagnóstico,2025-10-13T15:53:38,2024-10-19T04:14:16
PR000121,P000010,D000024,H000008,Tomografia,Diagnóstico,2026-10-13T16:43:12,2024-11-26T12:41:19
PR000122,P000002,D000018,H000001,Ultrassonografia,Diagnóstico,2025-11-30T03:25:22,2026-05-29T19:47:37
PR000123,P000001,D000012,H000001,Tomografia,Diagnóstico,2026-07-07T04:38:35,2025-12-20T20:07:30
PR000124,P000091,D000007,H000010,Ressonância magnética,Diagnóstico,2025-10-11T14:30:07,2025-05-19T16:10:53
PR000125,P000005,D000024,H000003,Ressonância magnética,Diagnóstico,2026-10-28T00:20:00,2026-07-01T12:10:03
PR000126,P000031,D000001,H000012,Eletrocardiograma,Diagnóstico,2025-10-31T19:18:11,2026-06-25T00:40:51
PR000127,P000057,D000012,H000006,Tomografia,Diagnóstico,2026-03-26T14:26:03,2025-11-29T18:27:51
PR000128,P000046,D000015,H000009,Consulta médica,Ambulatorial,2025-11-12T07:02:18,2026-03-23T06:54:22
PR000129,P000069,D000018,H000010,Fisioterapia,Terapêutico,2026-02-11T02:59:31,2024-11-01T15:58:42
PR000130,P000092,D000030,H000015,Ressonância magnética,Diagnóstico,2026-06-13T15:08:45,2026-03-29T23:28:42
PR000131,P000040,D000018,H000007,Endoscopia,Diagnóstico,2026-02-22T07:49:10,2026-05-08T23:07:23
PR000132,P000092,D000008,H000001,Ultrassonografia,Diagnóstico,2026-04-14T13:29:03,2025-07-02T07:17:34
PR000133,P000041,D000021,H000002,Ultrassonografia,Diagnóstico,2026-08-13T22:08:37,2024-11-28T03:36:39
PR000134,P000070,D000026,H000015,Exame de sangue,Diagnóstico,2026-04-16T10:58:04,2024-11-22T17:13:48
PR000135,P000016,D000017,H000001,Cirurgia,Cirúrgico,2025-12-24T05:37:30,2026-04-13T08:42:49
PR000136,P000057,D000010,H000012,Ultrassonografia,Diagnóstico,2026-01-30T14:25:31,2025-10-28T08:43:49
PR000137,P000052,D000015,H000001,Tomografia,Diagnóstico,2026-07-25T20:01:04,2026-05-18T17:53:37
PR000138,P000099,D000012,H000013,Exame de sangue,Diagnóstico,2026-08-30T07:25:27,2026-08-07T00:26:59
PR000139,P000001,D000004,H000001,Consulta médica,Ambulatorial,2025-12-15T10:15:21,2025-11-29T02:15:22
PR000140,P000025,D000007,H000006,Ultrassonografia,Diagnóstico,2026-07-08T04:40:39,2026-09-15T09:11:25
PR000141,P000043,D000014,H000010,Fisioterapia,Terapêutico,2025-11-20T18:27:20,2025-09-25T18:28:05
PR000142,P000029,D000025,H000015,Tomografia,Diagnóstico,2026-02-17T05:13:23,2025-12-12T17:41:34
PR000143,P000034,D000006,H000001,Tomografia,Diagnóstico,2026-02-01T11:23:44,2025-05-30T04:33:55
PR000144,P000020,D000001,H000005,Eletrocardiograma,Diagnóstico,2026-02-28T17:51:07,2025-05-15T18:03:05
PR000145,P000011,D000020,H000013,Eletrocardiograma,Diagnóstico,2025-11-09T23:04:46,2026-09-10T00:12:16
PR000146,P000061,D000003,H000013,Ressonância magnética,Diagnóstico,2026-06-05T06:53:45,2025-11-10T16:46:42
PR000147,P000069,D000025,H000008,Tomografia,Diagnóstico,2026-10-21T22:32:32,2026-06-29T00:53:06
PR000148,P000042,D000027,H000013,Endoscopia,Diagnóstico,2026-03-08T04:42:40,2025-10-07T11:37:12
PR000149,P000076,D000022,H000013,Raio-X,Diagnóstico,2026-04-30T23:19:46,2025-11-18T15:30:27
PR000150,P000035,D000003,H000015,Consulta médica,Ambulatorial,2025-12-16T00:14:48,2025-11-20T12:10:57
PR000151,P000035,D000001,H000010,Consulta médica,Ambulatorial,2025-12-03T08:00:29,2026-08-30T18:11:03
PR000152,P000025,D000023,H000013,Ressonância magnética,Diagnóstico,2025-11-15T22:32:09,2024-12-08T03:17:33
PR000153,P000073,D000015,H000007,Eletrocardiograma,Diagnóstico,2026-02-06T14:10:33,2026-06-24T10:20:47
PR000154,P000007,D000025,H000001,Tomografia,Diagnóstico,2026-10-14T11:09:55,2026-07-29T19:56:15
PR000155,P000006,D000001,H000015,Cirurgia,Cirúrgico,2026-08-27T21:08:01,2026-01-10T08:10:37
PR000156,P000097,D000012,H000003,Eletrocardiograma,Diagnóstico,2026-01-16T17:01:40,2025-10-19T23:32:10
PR000157,P000018,D000016,H000005,Cirurgia,Cirúrgico,2026-06-07T10:38:13,2025-04-30T21:19:42
PR000158,P000091,D000012,H000013,Endoscopia,Diagnóstico,2026-08-29T04:25:02,2026-09-29T18:44:11
PR000159,P000040,D000029,H000003,Exame de sangue,Diagnóstico,2026-05-02T05:47:29,2025-04-20T10:34:53
PR000160,P000089,D000021,H000015,Eletrocardiograma,Diagnóstico,2026-08-11T07:05:29,2025-04-29T05:48:14
PR000161,P000049,D000030,H000003,Consulta médica,Ambulatorial,2026-10-09T18:20:02,2025-03-13T05:40:38
PR000162,P000059,D000024,H000011,Tomografia,Diagnóstico,2026-03-14T06:44:26,2025-05-12T17:12:23
PR000163,P000079,D000001,H000011,Ressonância magnética,Diagnóstico,2026-03-31T13:35:13,2026-05-02T16:19:08
PR000164,P000031,D000027,H000006,Consulta médica,Ambulatorial,2026-10-24T03:05:42,2025-07-05T09:31:55
PR000165,P000034,D000011,H000006,Raio-X,Diagnóstico,2026-03-23T07:59:07,2024-12-08T09:41:53
PR000166,P000087,D000015,H000011,Fisioterapia,Terapêutico,2026-10-22T00:38:19,2025-04-11T00:06:07
PR000167,P000041,D000028,H000008,Fisioterapia,Terapêutico,2026-09-02T11:47:45,2025-12-29T00:49:40
PR000168,P000079,D000018,H000002,Raio-X,Diagnóstico,2026-10-09T14:39:28,2024-11-06T07:18:43
PR000169,P000010,D000003,H000011,Endoscopia,Diagnóstico,2026-10-10T11:57:15,2026-05-14T06:20:26
PR000170,P000026,D000010,H000007,Tomografia,Diagnóstico,2025-11-16T10:07:01,2026-04-23T14:55:45
PR000171,P000071,D000018,H000001,Exame de sangue,Diagnóstico,2026-09-15T02:27:02,2026-04-14T12:16:13
PR000172,P000007,D000024,H000013,Endoscopia,Diagnóstico,2026-01-13T02:16:45,2024-11-01T04:30:12
PR000173,P000066,D000025,H000009,Raio-X,Diagnóstico,2026-10-23T02:25:11,2024-10-14T03:56:23
PR000174,P000046,D000012,H000003,Fisioterapia,Terapêutico,2026-01-12T11:45:21,2024-10-11T19:04:43
PR000175,P000046,D000019,H000011,Raio-X,Diagnóstico,2026-07-09T23:01:52,2026-04-29T19:47:50
PR000176,P000019,D000019,H000008,Consulta médica,Ambulatorial,2026-06-29T07:07:41,2025-11-12T21:22:49
PR000177,P000040,D000009,H000004,Raio-X,Diagnóstico,2026-06-17T01:55:54,2025-03-28T17:26:31
PR000178,P000023,D000015,H000008,Eletrocardiograma,Diagnóstico,2026-05-05T06:04:24,2025-11-09T10:53:59
PR000179,P000094,D000024,H000014,Exame de sangue,Diagnóstico,2026-09-20T00:27:35,2025-12-22T18:53:41
PR000180,P000028,D000011,H000003,Consulta médica,Ambulatorial,2026-09-06T09:56:31,2026-06-27T03:32:57
PR000181,P000042,D000012,H000003,Exame de sangue,Diagnóstico,2026-04-15T00:03:09,2025-08-01T21:33:25
PR000182,P000048,D000005,H000009,Endoscopia,Diagnóstico,2026-03-29T16:24:09,2026-06-19T05:22:49
PR000183,P000057,D000021,H000007,Ressonância magnética,Diagnóstico,2026-05-25T06:25:40,2026-06-30T05:44:07
PR000184,P000085,D000014,H000013,Ressonância magnética,Diagnóstico,2026-04-28T01:29:02,2026-03-24T20:43:59
PR000185,P000038,D000005,H000011,Raio-X,Diagnóstico,2026-04-16T08:08:42,2025-10-03T15:51:42
PR000186,P000050,D000020,H000005,Endoscopia,Diagnóstico,2026-03-10T15:58:14,2025-02-16T16:02:35
PR000187,P000016,D000001,H000008,Fisioterapia,Terapêutico,2025-11-02T02:57:37,2025-10-22T18:46:24
PR000188,P000048,D000018,H000005,Consulta médica,Ambulatorial,2025-11-15T14:53:12,2024-11-10T20:02:41
PR000189,P000086,D000012,H000001,Tomografia,Diagnóstico,2026-07-14T00:26:32,2025-12-26T10:52:00
PR000190,P000073,D000003,H000004,Eletrocardiograma,Diagnóstico,2025-12-14T01:10:39,2026-05-27T12:18:11
PR000191,P000058,D000017,H000003,Ressonância magnética,Diagnóstico,2026-03-27T21:11:09,2024-12-29T18:19:13
PR000192,P000041,D000020,H000008,Ressonância magnética,Diagnóstico,2025-10-17T16:05:39,2025-05-18T12:46:36
PR000193,P000098,D000016,H000009,Raio-X,Diagnóstico,2026-03-18T23:50:17,2025-04-18T08:41:13
PR000194,P000060,D000021,H000011,Eletrocardiograma,Diagnóstico,2026-07-21T01:16:34,2025-06-11T09:56:33
PR000195,P000036,D000001,H000014,Endoscopia,Diagnóstico,2026-01-30T08:59:09,2025-06-14T13:00:19
PR000196,P000100,D000020,H000014,Eletrocardiograma,Diagnóstico,2026-01-01T22:57:55,2025-04-26T14:34:16
PR000197,P000094,D000021,H000003,Tomografia,Diagnóstico,2026-02-16T04:19:25,2026-04-21T21:32:38
PR000198,P000056,D000011,H000006,Cirurgia,Cirúrgico,2026-03-16T02:45:43,2024-11-10T03:20:43
PR000199,P000029,D000017,H000001,Endoscopia,Diagnóstico,2026-02-05T04:03:39,2024-10-30T10:43:09
PR000200,P000008,D000021,H000008,Fisioterapia,Terapêutico,2026-04-07T02:25:27,2026-08-24T17:04:32
PR000201,P000019,D000030,H000015,Tomografia,Diagnóstico,2026-04-28T07:28:33,2026-05-07T05:44:21
PR000202,P000038,D000005,H000009,Fisioterapia,Terapêutico,2026-08-13T00:43:55,2025-08-24T15:34:22
PR000203,P000049,D000022,H000001,Raio-X,Diagnóstico,2026-05-05T04:54:32,2026-02-22T11:54:15
PR000204,P000079,D000019,H000004,Tomografia,Diagnóstico,2026-05-02T17:51:02,2025-01-05T02:16:37
PR000205,P000042,D000030,H000006,Cirurgia,Cirúrgico,2026-07-17T06:35:01,2025-05-28T10:04:12
PR000206,P000068,D000016,H000006,Raio-X,Diagnóstico,2026-07-12T05:29:13,2025-12-17T14:15:16
PR000207,P000047,D000008,H000011,Cirurgia,Cirúrgico,2026-09-08T09:31:21,2026-04-03T01:43:19
PR000208,P000049,D000004,H000009,Ressonância magnética,Diagnóstico,2025-10-12T11:50:36,2025-10-29T21:51:26
PR000209,P000062,D000029,H000001,Eletrocardiograma,Diagnóstico,2025-12-04T20:39:22,2026-10-07T12:15:41
PR000210,P000059,D000005,H000007,Raio-X,Diagnóstico,2025-12-24T01:41:44,2026-07-22T08:22:10
PR000211,P000065,D000008,H000014,Eletrocardiograma,Diagnóstico,2025-12-18T20:34:59,2025-10-17T06:12:47
PR000212,P000036,D000025,H000012,Cirurgia,Cirúrgico,2025-10-26T02:46:05,2025-08-10T14:40:04
PR000213,P000076,D000011,H000007,Raio-X,Diagnóstico,2026-08-11T08:22:34,2026-09-19T16:49:25
PR000214,P000005,D000003,H000013,Raio-X,Diagnóstico,2025-11-19T19:59:27,2025-11-13T07:43:41
PR000215,P000012,D000004,H000014,Tomografia,Diagnóstico,2026-06-01T11:47:29,2026-02-02T19:39:25
PR000216,P000001,D000029,H000006,Exame de sangue,Diagnóstico,2026-01-06T20:11:22,2026-07-29T15:58:50
PR000217,P000008,D000023,H000013,Raio-X,Diagnóstico,2026-04-02T18:35:59,2025-02-21T15:08:13
PR000218,P000007,D000019,H000008,Ressonância magnética,Diagnóstico,2026-09-19T16:57:19,2025-06-15T03:22:31
PR000219,P000031,D000018,H000006,Exame de sangue,Diagnóstico,2026-01-07T11:07:05,2025-01-02T12:01:22
PR000220,P000088,D000007,H000006,Ultrassonografia,Diagnóstico,2026-09-06T23:01:58,2024-12-28T02:42:40
PR000221,P000002,D000010,H000014,Endoscopia,Diagnóstico,2026-02-04T03:57:22,2026-09-10T01:46:02
PR000222,P000072,D000009,H000003,Raio-X,Diagnóstico,2026-03-04T08:49:41,2026-01-05T07:19:56
PR000223,P000024,D000024,H000007,Endoscopia,Diagnóstico,2026-06-30T06:56:52,2025-12-13T22:38:15
PR000224,P000100,D000016,H000009,Eletrocardiograma,Diagnóstico,2026-04-25T22:00:24,2026-04-23T05:50:47
PR000225,P000098,D000025,H000008,Fisioterapia,Terapêutico,2026-08-01T20:24:03,2026-05-26T10:01:00
PR000226,P000004,D000008,H000010,Ressonância magnética,Diagnóstico,2026-10-15T16:57:23,2025-03-29T00:25:51
PR000227,P000035,D000008,H000004,Tomografia,Diagnóstico,2026-06-18T02:17:12,2026-08-23T03:02:17
PR000228,P000003,D000007,H000007,Eletrocardiograma,Diagnóstico,2026-07-05T05:27:18,2025-02-19T07:57:41
PR000229,P000022,D000024,H000011,Exame de sangue,Diagnóstico,2025-12-13T11:11:54,2025-01-20T05:00:35
PR000230,P000012,D000022,H000004,Ultrassonografia,Diagnóstico,2026-07-22T11:29:41,2025-06-01T03:04:54
PR000231,P000058,D000009,H000004,Fisioterapia,Terapêutico,2025-10-12T05:12:19,2026-03-22T04:50:49
PR000232,P000086,D000005,H000002,Fisioterapia,Terapêutico,2026-10-06T22:21:20,2026-03-30T22:46:03
PR000233,P000079,D000012,H000002,Exame de sangue,Diagnóstico,2026-05-28T08:25:18,2026-01-02T11:04:17
PR000234,P000032,D000023,H000002,Ultrassonografia,Diagnóstico,2026-08-20T18:18:07,2026-03-22T17:11:09
PR000235,P000089,D000017,H000010,Fisioterapia,Terapêutico,2026-02-13T04:34:31,2025-05-07T06:14:48
PR000236,P000060,D000025,H000001,Raio-X,Diagnóstico,2026-04-14T21:12:49,2025-08-21T15:29:48
PR000237,P000007,D000003,H000013,Exame de sangue,Diagnóstico,2025-11-20T03:34:04,2025-12-28T07:40:34
PR000238,P000025,D000006,H000011,Ressonância magnética,Diagnóstico,2025-10-15T06:15:47,2026-03-10T17:04:48
PR000239,P000073,D000027,H000004,Eletrocardiograma,Diagnóstico,2026-08-24T20:59:51,2025-06-05T04:24:20
PR000240,P000047,D000020,H000004,Endoscopia,Diagnóstico,2026-09-06T18:21:44,2025-04-03T15:37:44
PR000241,P000031,D000023,H000009,Exame de sangue,Diagnóstico,2025-12-22T20:18:27,2026-02-24T03:35:27
PR000242,P000096,D000017,H000012,Raio-X,Diagnóstico,2026-05-24T08:08:53,2026-06-03T04:38:33
PR000243,P000034,D000017,H000010,Endoscopia,Diagnóstico,2026-04-21T05:24:56,2026-08-02T00:30:35
PR000244,P000005,D000010,H000003,Cirurgia,Cirúrgico,2026-03-01T18:53:51,2025-12-23T07:24:56
PR000245,P000043,D000005,H000003,Eletrocardiograma,Diagnóstico,2026-05-16T05:57:58,2025-12-14T03:36:41
PR000246,P000042,D000025,H000011,Raio-X,Diagnóstico,2025-10-20T20:14:41,2026-02-23T17:42:17
PR000247,P000060,D000009,H000011,Cirurgia,Cirúrgico,2026-09-02T12:43:34,2025-11-15T00:56:18
PR000248,P000051,D000029,H000015,Exame de sangue,Diagnóstico,2026-07-03T14:37:33,2025-11-17T23:18:13
PR000249,P000070,D000005,H000012,Ressonância magnética,Diagnóstico,2026-01-20T00:23:00,2026-01-12T08:41:42
PR000250,P000067,D000019,H000012,Cirurgia,Cirúrgico,2026-09-04T03:55:33,2025-03-16T18:59:56
PR000251,P000073,D000005,H000014,Tomografia,Diagnóstico,2026-05-22T18:16:16,2026-03-11T17:58:03
PR000252,P000093,D000008,H000002,Raio-X,Diagnóstico,2026-01-27T02:04:39,2025-06-28T17:53:20
PR000253,P000060,D000003,H000003,Cirurgia,Cirúrgico,2026-08-17T06:41:11,2026-01-06T16:50:48
PR000254,P000064,D000008,H000013,Cirurgia,Cirúrgico,2026-10-04T04:20:32,2026-07-02T05:51:11
PR000255,P000060,D000019,H000009,Ultrassonografia,Diagnóstico,2026-02-12T21:25:58,2025-06-27T00:06:12
PR000256,P000034,D000020,H000012,Raio-X,Diagnóstico,2025-10-18T11:24:03,2026-03-18T18:53:09
PR000257,P000090,D000006,H000006,Consulta médica,Ambulatorial,2025-11-16T17:40:33,2025-06-08T10:50:01
PR000258,P000014,D000021,H000013,Fisioterapia,Terapêutico,2026-04-27T09:15:20,2026-01-13T13:03:26
PR000259,P000038,D000013,H000002,Consulta médica,Ambulatorial,2026-10-11T06:42:15,2026-04-28T22:18:10
PR000260,P000091,D000010,H000003,Exame de sangue,Diagnóstico,2026-09-20T13:11:38,2025-07-13T02:37:16
PR000261,P000034,D000017,H000001,Fisioterapia,Terapêutico,2026-02-02T06:56:06,2025-04-03T11:00:33
PR000262,P000006,D000029,H000011,Exame de sangue,Diagnóstico,2026-01-15T20:36:41,2026-02-08T03:37:00
PR000263,P000003,D000028,H000011,Endoscopia,Diagnóstico,2026-01-08T14:52:19,2025-11-13T18:02:18
PR000264,P000044,D000003,H000005,Eletrocardiograma,Diagnóstico,2026-05-29T07:13:05,2026-02-15T16:35:16
PR000265,P000067,D000017,H000011,Exame de sangue,Diagnóstico,2026-05-27T05:52:46,2025-11-21T09:06:16
PR000266,P000038,D000029,H000004,Exame de sangue,Diagnóstico,2026-04-06T10:39:41,2024-12-22T08:25:42
PR000267,P000081,D000003,H000002,Eletrocardiograma,Diagnóstico,2026-01-28T10:38:18,2024-11-22T21:42:44
PR000268,P000078,D000025,H000002,Endoscopia,Diagnóstico,2026-07-17T03:09:32,2026-08-03T03:46:57
PR000269,P000045,D000026,H000010,Tomografia,Diagnóstico,2026-08-28T21:00:38,2024-10-20T14:46:46
PR000270,P000042,D000021,H000015,Endoscopia,Diagnóstico,2026-09-27T13:41:53,2026-08-05T08:23:26
PR000271,P000045,D000019,H000011,Tomografia,Diagnóstico,2025-10-24T06:29:37,2026-06-09T13:05:37
PR000272,P000080,D000005,H000010,Raio-X,Diagnóstico,2026-03-12T08:04:20,2025-08-24T12:46:36
PR000273,P000079,D000028,H000002,Consulta médica,Ambulatorial,2026-03-30T08:37:13,2026-08-17T05:17:02
PR000274,P000014,D000015,H000004,Ultrassonografia,Diagnóstico,2026-06-11T10:00:12,2025-10-18T04:26:08
PR000275,P000065,D000018,H000004,Ressonância magnética,Diagnóstico,2026-10-04T12:44:34,2025-08-12T05:00:34
PR000276,P000044,D000010,H000015,Fisioterapia,Terapêutico,2026-01-10T16:01:28,2025-10-23T08:21:03
PR000277,P000081,D000009,H000015,Raio-X,Diagnóstico,2026-05-10T14:15:47,2026-02-14T01:06:12
PR000278,P000084,D000022,H000004,Fisioterapia,Terapêutico,2026-11-04T07:01:32,2026-08-29T04:23:45
PR000279,P000096,D000029,H000014,Exame de sangue,Diagnóstico,2026-09-08T21:27:06,2026-08-19T22:05:17
PR000280,P000006,D000026,H000010,Raio-X,Diagnóstico,2026-09-10T23:01:33,2024-12-22T07:24:33
PR000281,P000095,D000002,H000008,Eletrocardiograma,Diagnóstico,2026-02-27T10:49:55,2024-12-17T21:18:17
PR000282,P000058,D000030,H000005,Tomografia,Diagnóstico,2026-07-10T19:24:56,2026-02-16T01:47:22
PR000283,P000022,D000011,H000003,Ressonância magnética,Diagnóstico,2025-10-09T07:22:09,2024-11-09T13:56:15
PR000284,P000059,D000008,H000003,Ressonância magnética,Diagnóstico,2026-03-29T02:52:42,2026-06-26T07:44:08
PR000285,P000044,D000014,H000011,Raio-X,Diagnóstico,2026-09-09T21:07:59,2025-04-04T09:00:35
PR000286,P000014,D000026,H000007,Fisioterapia,Terapêutico,2026-09-25T12:03:48,2024-10-08T10:12:41
PR000287,P000031,D000023,H000001,Ultrassonografia,Diagnóstico,2026-02-12T22:24:44,2026-08-14T03:38:25
PR000288,P000049,D000015,H000010,Consulta médica,Ambulatorial,2026-07-13T21:18:42,2026-09-22T14:03:43
PR000289,P000080,D000017,H000013,Ultrassonografia,Diagnóstico,2026-06-10T12:58:08,2026-02-15T01:37:35
PR000290,P000084,D000005,H000012,Eletrocardiograma,Diagnóstico,2025-10-28T21:57:25,2024-12-24T13:51:04
PR000291,P000001,D000001,H000011,Endoscopia,Diagnóstico,2026-02-11T00:52:40,2026-04-16T08:22:52
PR000292,P000100,D000005,H000009,Fisioterapia,Terapêutico,2026-05-25T14:30:17,2025-07-02T17:30:31
PR000293,P000023,D000019,H000007,Endoscopia,Diagnóstico,2026-10-06T18:24:04,2025-12-16T09:45:32
PR000294,P000031,D000018,H000008,Tomografia,Diagnóstico,2025-10-19T13:41:04,2025-09-09T13:14:02
PR000295,P000059,D000011,H000008,Raio-X,Diagnóstico,2026-08-22T18:30:37,2025-09-16T21:43:54
PR000296,P000054,D000009,H000014,Tomografia,Diagnóstico,2026-11-06T09:02:04,2025-01-17T12:38:40
PR000297,P000078,D000002,H000011,Raio-X,Diagnóstico,2026-05-16T20:00:12,2026-03-19T19:37:37
PR000298,P000068,D000027,H000001,Raio-X,Diagnóstico,2026-06-01T20:17:01,2025-10-18T07:33:07
PR000299,P000048,D000001,H000011,Ultrassonografia,Diagnóstico,2026-07-14T18:37:15,2026-06-04T13:54:37
PR000300,P000071,D000025,H000009,Endoscopia,Diagnóstico,2025-12-29T09:25:22,2026-07-14T02:11:06
