doctor_id,first_name,last_name,specialty,license_number,state,created_at
D000001,Pedro Miguel,Monteiro,Neurologia,CRM-MS-932637,MS,2025-10-09T07:37:54
D000002,Kamilly,Campos,Neurologia,CRM-MG-898177,MG,2026-01-25T02:25:51
D000003,Breno,Farias,Cardiologia,CRM-GO-584743,GO,2026-07-28T07:54:16
D000004,Gabriela,Dias,Pediatria,CRM-TO-298113,TO,2026-08-07T04:40:01
D000005,Ravi,Farias,Cardiologia,CRM-PR-722006,PR,2026-04-03T15:56:03
D000006,Gustavo Henrique,Pimenta,Urologia,CRM-MG-363905,MG,2025-09-05T04:55:36
D000007,Isabelly,da Cunha,Oncologia,CRM-BA-303706,BA,2024-10-31T10:40:12
D000008,Joaquim,Pires,Dermatologia,CRM-PR-307049,PR,2025-04-12T23:22:25
D000009,Gabrielly,Siqueira,Cardiologia,CRM-PE-564635,PE,2025-01-15T09:53:04
D000010,Zoe,Pereira,Oftalmologia,CRM-GO-772143,GO,2026-04-02T03:15:20
D000011,Maysa,Sousa,Ginecologia,CRM-RO-191855,RO,2026-07-07T09:00:04
D000012,Lunna,Cavalcanti,Ortopedia,CRM-PI-667560,PI,2026-08-04T05:29:30
D000013,Cecilia,da Costa,Neurologia,CRM-MS-288558,MS,2025-08-03T14:32:26
D000014,Antônio,Abreu,Clínica Médica,CRM-DF-146920,DF,2026-01-19T07:27:36
D000015,Bárbara,Sá,Pediatria,CRM-RJ-365757,RJ,2026-01-15T13:54:51
D000016,Gael,Garcia,Urologia,CRM-RN-338175,RN,2026-04-08T07:26:37
D000017,Antony,Cunha,Dermatologia,CRM-TO-500471,TO,2026-07-27T04:49:15
D000018,Cecilia,Porto,Dermatologia,CRM-TO-217891,TO,2024-12-24T00:23:10
D000019,Luiz Miguel,Pires,Urologia,CRM-RR-586133,RR,2026-05-22T23:23:31
D000020,Arthur Miguel,Novaes,Ginecologia,CRM-SC-470045,SC,2025-02-27T00:26:14
D000021,Maria Liz,Cardoso,Dermatologia,CRM-CE-205072,CE,2026-01-05T00:43:11
D000022,Mateus,Almeida,Oftalmologia,CRM-SP-173179,SP,2025-05-03T16:17:26
D000023,Asafe,Ribeiro,Cardiologia,CRM-AL-131675,AL,2025-02-22T05:13:40
D000024,Emilly,Nunes,Oftalmologia,CRM-MS-600022,MS,2025-07-26T20:39:14
D000025,Valentina,Sá,Ginecologia,CRM-SE-125544,SE,2026-04-28T16:24:12
D000026,Kevin,Gonçalves,Cardiologia,CRM-PE-491269,PE,2025-01-31T00:44:37
D000027,Théo,Gomes,Pediatria,CRM-MT-189768,MT,2025-12-22T02:15:24
D000028,Luiz Miguel,Cavalcanti,Cardiologia,CRM-MT-448193,MT,2025-09-13T06:35:49
D000029,Lavínia,Correia,Cardiologia,CRM-BA-365161,BA,2026-04-23T11:29:35
D000030,Carlos Eduardo,Aparecida,Urologia,CRM-RN-226143,RN,2026-05-03T09:37:10
