patient_id,first_name,last_name,birth_date,gender,city,state,created_at
P000001,Juan,Fogaça,1944-10-19,F,Mendes de Porto,MS,2026-04-14T22:52:45
P000002,Bella,Campos,1967-04-27,F,Fonseca,CE,2026-08-09T07:39:09
P000003,Maria Eduarda,Pereira,1996-12-16,M,da Rocha de Guerra,PR,2024-10-27T21:16:39
P000004,Isadora,Moreira,1946-11-04,F,Barbosa,SC,2025-10-12T18:51:22
P000005,Antônio,Lopes,1999-09-23,M,Rocha,CE,2026-02-03T17:56:59
P000006,Leandro,Casa Grande,1936-03-24,M,Novais,MA,2026-07-21T20:40:26
P000007,Allana,Carvalho,1949-12-17,M,da Luz das Flores,RO,2026-05-28T04:47:05
P000008,Valentim,Pastor,2017-04-23,M,Souza,AL,2026-06-15T22:29:04
P000009,Ravy,das Neves,1961-08-07,M,Sampaio,TO,2026-09-05T17:43:45
P000010,Léo,Cassiano,1937-07-30,M,Ferreira,AP,2025-06-14T21:58:49
P000011,Luiz Miguel,da Rosa,1946-01-04,F,Martins das Pedras,RO,2025-05-24T21:24:09
P000012,Caio,Nunes,1936-10-05,F,Macedo da Mata,SC,2025-05-03T12:47:03
P000013,Mirella,Guerra,1983-05-09,F,Vasconcelos de Novaes,MG,2025-03-26T18:49:37
P000014,Maria Vitória,Casa Grande,1955-08-22,F,Novaes da Praia,PE,2025-05-14T00:43:50
P000015,Nicole,Moura,2010-08-30,M,Martins,RO,2025-03-23T13:53:08
P000016,João,Araújo,2006-04-18,F,Rezende do Campo,RS,2026-02-26T07:25:53
P000017,Hadassa,Almeida,1953-05-06,M,Macedo,MA,2025-09-12T18:49:24
P000018,Hellena,Fonseca,1961-11-07,M,Vieira,MG,2026-03-20T01:30:39
P000019,Bernardo,Azevedo,1992-03-29,M,das Neves dos Dourados,RS,2025-09-14T12:01:50
P000020,Stella,Andrade,1959-12-01,M,Freitas da Prata,AL,2025-12-01T03:37:48
P000021,Daniel,Nunes,1981-04-07,F,Nunes das Pedras,MT,2026-02-22T02:25:11
P000022,Ayla,Viana,1938-12-15,F,Costela dos Dourados,GO,2026-08-03T14:03:43
P000023,Luiz Henrique,Peixoto,1982-04-21,F,Montenegro Alegre,AM,2025-02-25T03:28:14
P000024,Sarah,Aragão,1936-10-27,M,Campos,AP,2026-06-22T04:57:32
P000025,Bento,Borges,1976-08-23,F,Camargo de Goiás,ES,2026-02-11T14:57:46
P000026,Benicio,Jesus,1949-02-09,F,Macedo de Ferreira,TO,2026-09-01T18:44:15
P000027,Otto,Aparecida,1950-06-02,M,Martins do Galho,AC,2026-05-23T08:00:05
P000028,Juan,Albuquerque,1944-12-22,M,Cavalcanti,MA,2026-02-15T14:30:26
P000029,André,Rezende,1943-08-05,M,Cavalcanti das Flores,PE,2026-07-24T13:49:25
P000030,Henry,Araújo,1940-12-26,F,Aragão Paulista,AL,2026-05-17T20:58:18
P000031,Ísis,Ferreira,1986-09-19,F,Rezende do Galho,RO,2024-10-08T13:45:33
P000032,Sara,Cunha,2000-03-06,F,Duarte,RJ,2025-09-12T01:36:40
P000033,Anthony Gabriel,Rezende,1930-03-18,F,Leão Grande,RR,2024-11-05T05:56:28
P000034,Cauã,Novaes,2006-11-15,F,Vargas de Minas,CE,2025-05-29T10:01:37
P000035,Ana Liz,Albuquerque,1956-06-09,F,Andrade Paulista,PA,2025-12-19T22:13:27
P000036,Ana Clara,da Cunha,2004-12-06,M,Melo do Sul,PR,2026-02-02T02:29:41
P000037,Henry,das Neves,1930-05-23,F,Martins de Cardoso,MG,2026-02-02T04:52:10
P000038,Henry Gabriel,Araújo,1998-09-07,M,Duarte de Sampaio,SC,2025-11-19T04:05:04
P000039,Eloá,Cunha,2017-02-28,M,Machado,PA,2024-11-16T05:04:24
P000040,Benjamim,Cunha,2001-02-09,M,das Neves do Campo,MS,2025-01-17T09:23:53
P000041,Vitória,Rocha,1964-08-16,M,Araújo de da Rosa,AC,2026-05-25T18:25:10
P000042,Bianca,Viana,1948-07-24,F,Vieira,MA,2026-06-29T07:17:47
P000043,Ana Liz,Castro,1979-06-30,M,Viana Verde,PA,2026-07-05T13:44:49
P000044,José,Garcia,1933-08-24,F,Araújo,RJ,2025-09-17T15:13:13
P000045,Davi Lucas,Ramos,1982-04-26,F,Moreira,BA,2025-12-03T06:04:56
P000046,Julia,da Conceição,1982-06-20,M,Fogaça,PB,2026-07-11T16:45:17
P000047,Henry,Melo,2010-04-16,M,da Rocha,RJ,2026-02-28T17:30:49
P000048,Pedro Henrique,Gonçalves,1933-08-30,M,Cunha de Jesus,ES,2025-11-28T01:38:28
P000049,Mateus,Melo,1952-08-28,F,Cardoso,MA,2026-03-28T23:00:55
P000050,Maria Clara,Costela,1951-06-21,M,Rios das Pedras,RS,2026-01-02T09:08:10
P000051,Maria,Guerra,1931-12-22,F,Garcia Verde,SC,2026-08-21T04:34:42
P000052,Fernanda,Araújo,1934-01-18,M,Castro,AM,2026-09-08T12:23:48
P000053,João Vitor,Freitas,1962-05-30,F,Siqueira de Silveira,PB,2026-04-28T04:06:31
P000054,Pedro Henrique,Jesus,2024-07-04,F,Sales do Oeste,PA,2026-02-03T21:12:11
P000055,Kevin,Macedo,1959-04-23,F,Costa,BA,2025-04-05T11:54:31
P000056,Samuel,Rios,1931-09-03,M,Araújo,MS,2025-05-24T17:28:12
P000057,Levi,Nunes,2001-03-21,F,Lopes,RS,2024-11-20T16:34:22
P000058,Luiz Henrique,Macedo,2022-03-16,M,Rios,AM,2024-11-19T11:33:00
P000059,Davi Miguel,Fonseca,2010-03-05,M,Peixoto,PB,2024-11-15T13:27:12
P000060,Thomas,Machado,1925-12-09,F,Jesus,TO,2025-08-19T16:43:47
P000061,Bianca,Casa Grande,2005-03-26,F,Pires,PA,2026-05-15T05:20:40
P000062,Natália,Rocha,1935-01-26,F,Castro,ES,2025-11-29T11:21:18
P000063,Luísa,Moreira,1992-09-28,M,Guerra das Pedras,AC,2025-09-13T20:03:37
P000064,Maria Alice,Aragão,1998-11-12,F,Aragão Paulista,BA,2025-09-29T18:12:42
P000065,Zoe,Pacheco,1984-02-19,M,Ribeiro,PB,2025-09-11T05:27:29
P000066,Camila,Aragão,1978-10-16,M,Andrade,ES,2026-08-15T12:20:13
P000067,Fernando,Cardoso,1962-06-30,F,Peixoto das Pedras,AM,2024-12-24T08:27:57
P000068,Maria Luiza,Novais,1942-05-27,F,Correia do Norte,RS,2025-03-16T17:07:37
P000069,Henry,Machado,1987-05-02,F,Mendes do Campo,SP,2025-09-26T06:57:37
P000070,Luigi,Andrade,1930-09-13,M,Cassiano da Prata,RJ,2024-11-15T07:08:02
P000071,Arthur Miguel,Vargas,2003-04-15,F,Correia do Campo,PR,2026-05-05T10:33:18
P000072,Ian,Marques,1931-11-12,M,Azevedo,ES,2025-07-10T11:46:08
P000073,Vinicius,Lopes,1971-07-19,F,Cavalcante do Norte,RO,2025-11-05T19:34:36
P000074,Miguel,Sá,2010-05-10,F,da Rocha,AM,2026-09-18T06:38:23
P000075,Brenda,Peixoto,1959-12-18,F,Machado da Prata,AC,2026-07-04T22:20:19
P000076,Emilly,Pacheco,1986-11-08,M,Almeida do Amparo,PR,2025-02-02T11:36:47
P000077,José Pedro,Machado,1947-11-02,F,Mendonça,SE,2026-04-17T10:14:11
P000078,Ayla,Leão,1964-03-31,F,Macedo do Oeste,AP,2026-08-07T21:08:22
P000079,Milena,Sá,2022-06-28,M,Moraes,PE,2025-04-08T13:25:25
P000080,Antônio,Barbosa,2017-05-24,M,Fonseca,PA,2026-01-17T13:43:18
P000081,Rafaela,Sousa,1931-08-22,F,Barbosa,RJ,2025-03-17T01:02:03
P000082,Julia,Machado,1996-02-05,M,Novaes de Vargas,BA,2025-09-29T04:44:00
P000083,Ana Luiza,Fernandes,1943-04-22,M,da Mota de Ribeiro,DF,2025-01-09T23:06:54
P000084,Natália,Aragão,1935-06-11,F,Nunes,ES,2026-02-26T13:02:59
P000085,José Pedro,Viana,1954-05-05,M,Pinto dos Dourados,SE,2025-02-20T05:53:02
P000086,Sophie,Brito,1958-05-15,F,Macedo de Marques,GO,2026-02-16T00:33:12
P000087,Eloah,das Neves,2021-04-18,M,Siqueira,BA,2025-01-27T16:59:25
P000088,Luiz Henrique,Ferreira,1953-06-27,F,Marques dos Dourados,PE,2025-11-18T18:51:21
P000089,Liz,Brito,1937-11-07,M,Cirino Alegre,RN,2025-01-14T10:29:11
P000090,Luana,Cunha,2014-07-30,M,da Mota,GO,2025-01-30T18:52:20
P000091,Daniel,Cavalcante,2021-11-16,F,Costa das Flores,RO,2026-03-06T01:24:35
P000092,João Pedro,Cavalcanti,1970-04-06,F,Aparecida,RN,2026-06-10T03:06:51
P000093,Maya,Vasconcelos,2017-05-22,F,Santos,MS,2026-03-29T00:58:58
P000094,Matteo,Pinto,2012-03-10,F,Moreira das Flores,PB,2025-09-13T02:30:13
P000095,Zoe,Moura,1942-06-29,F,Cavalcanti,MT,2025-07-08T22:06:01
P000096,Maria Júlia,Garcia,2008-06-10,F,Moreira da Prata,AC,2026-05-11T17:42:42
P000097,Maria Júlia,da Luz,1960-09-01,F,Albuquerque,AC,2025-06-17T10:53:17
P000098,Heitor,Cassiano,2001-12-28,F,Casa Grande,AC,2026-02-11T08:10:53
P000099,Isabel,Brito,1939-12-02,M,Moraes,RR,2026-09-15T04:43:22
P000100,Agatha,Barros,2007-09-24,M,Fernandes do Campo,AC,2024-11-25T02:41:02
