run_id,entity,source,load_date,load_type,status,rows_read,rows_written,started_at,finished_at,error_message
logger_test,patients,synthetic_csv,2026-10-08,INITIAL,SUCCESS,100,100,2026-10-08T16:00:00,2026-10-08T16:00:01,
manual_test_001,patients,synthetic_csv,2026-10-08,INITIAL,SUCCESS,100,100,2026-10-08T16:02:33.301071,2026-10-08T16:02:33.302843,
manual_test_001,patients,synthetic_csv,2026-10-08,INITIAL,FAILED,0,0,2026-10-08T16:23:59.179562,2026-10-08T16:23:59.179935,[Errno 2] No such file or directory: 'C:\Projetos\healthcare-data-platform\data\sample\patients_teste_erro.csv'
manual_test_001,patients,synthetic_csv,2026-10-08,INITIAL,SUCCESS,100,100,2026-10-08T16:25:39.122036,2026-10-08T16:25:39.123830,
0e161af1-dd65-4fc5-ac73-3c4280714b67,patients,synthetic_csv,2026-10-08,INITIAL,SUCCESS,100,100,2026-10-08T16:27:58.820964,2026-10-08T16:27:58.822766,
7501bc55-ca1a-42a8-b6db-31547842665a,patients,synthetic_csv,2026-10-08,REPROCESS,SUCCESS,100,100,2026-10-08T16:28:51.403756,2026-10-08T16:28:51.405490,
06319625-cd1f-41e2-8f0f-918bd5f70204,patients,synthetic_csv,2026-10-08,REPROCESS,SUCCESS,100,100,2026-10-08T16:33:48.856833,2026-10-08T16:33:48.858672,
149e0c86-eca8-4ac4-a4f6-1cccbb3d6868,patients,synthetic_csv,2026-10-08,REPROCESS,SUCCESS,100,100,2026-10-08T16:36:02.337549,2026-10-08T16:36:02.339350,
6f8de460-5e60-4d95-bb1b-2fd9f838c974,patients,synthetic_csv,2026-10-08,REPROCESS,SUCCESS,100,100,2026-10-08T16:38:12.470610,2026-10-08T16:38:12.472459,
64ae817a-ad47-45d7-a44d-b003a5a323b1,patients,synthetic_csv,2026-10-08,REPROCESS,SUCCESS,100,100,2026-10-08T16:39:00.790480,2026-10-08T16:39:00.792249,
2f7f5dde-d58d-47c7-a71b-6d41a65cfe25,doctors,synthetic_csv,2026-10-08,INITIAL,SUCCESS,30,30,2026-10-08T16:40:15.941776,2026-10-08T16:40:15.943793,
e3aa7e73-bb2f-4bc3-aacc-efd604e4a2db,hospitals,synthetic_csv,2026-10-08,INITIAL,SUCCESS,15,15,2026-10-08T16:41:24.485301,2026-10-08T16:41:24.487268,
c15b6e73-abbc-431d-bdd8-b946b487552b,appointments,synthetic_csv,2026-10-08,INITIAL,SUCCESS,500,500,2026-10-08T16:42:29.582873,2026-10-08T16:42:29.585949,
8eb5dce7-0405-46e5-9f9d-9e6b8e1d0e1c,procedures,synthetic_csv,2026-10-08,INITIAL,SUCCESS,300,300,2026-10-08T16:43:13.477870,2026-10-08T16:43:13.480538,
1e2a3e82-e039-4668-bf5a-1cdf2d6ff670,patients,synthetic_csv,2026-10-08,REPROCESS,SUCCESS,100,100,2026-10-08T16:44:58.466957,2026-10-08T16:44:58.468769,
